"","Predicho","Observado","Campo","Produccion","ID","Diferencia"
"1",122.312914170168,150.2,"Freirina","2019",3,27.8870858298321
"2",119.564285751422,149.3,"Freirina","2019",4,29.735714248578
"3",98.4762966316738,98.6,"Freirina","2019",5,0.123703368326218
"4",111.680142159093,119.4,"Freirina","2019",6,7.71985784090749
"5",109.978262793034,118.4,"Freirina","2019",7,8.42173720696564
"6",113.744075077073,116.6,"Freirina","2019",8,2.85592492292736
"7",116.295883961891,135.4,"Freirina","2019",9,19.1041160381088
"8",90.3845002011878,96.9,"Freirina","2019",10,6.51549979881217
"9",68.684394584557,37.5,"Freirina","2019",13,-31.184394584557
"10",90.9398562817532,113,"Freirina","2019",14,22.0601437182468
"11",90.4481138721294,114,"Freirina","2019",15,23.5518861278706
"12",75.6382566730686,52.2,"Freirina","2019",16,-23.4382566730686
"13",109.152357983071,156.7,"Freirina","2019",17,47.5476420169286
"14",72.375345558403,38.1,"Freirina","2019",18,-34.275345558403
"15",62.9608401230045,35,"Freirina","2019",20,-27.9608401230045
"16",60.3872510727765,34,"Freirina","2019",21,-26.3872510727765
"17",63.0110136374692,67.7,"Freirina","2019",22,4.68898636253084
"18",60.2973252440961,33.8,"Freirina","2019",23,-26.4973252440961
"19",105.028046150794,125,"Freirina","2019",25,19.9719538492064
"20",109.296904543651,123.3,"Freirina","2019",26,14.003095456349
"21",114.935373724054,151.3,"Freirina","2019",27,36.3646262759461
"22",117.685471526474,138.5,"Freirina","2019",28,20.8145284735265
"23",101.621857639027,119.6,"Freirina","2019",29,17.9781423609725
"24",115.173672080022,133,"Freirina","2019",30,17.8263279199775
"25",115.830735758383,131.5,"Freirina","2019",31,15.6692642416172
"26",122.231954954991,147.8,"Freirina","2019",32,25.5680450450091
"27",114.449790465368,146.5,"Freirina","2019",33,32.0502095346319
"28",93.1166351190477,76.8,"Freirina","2019",34,-16.3166351190477
"29",102.851203290043,97.7,"Freirina","2019",35,-5.15120329004318
"30",100.983450833333,96,"Freirina","2019",36,-4.98345083333331
"31",110.307576666667,115.2,"Freirina","2019",37,4.89242333333344
"32",93.8801140631469,76.7,"Freirina","2019",40,-17.1801140631469
"33",116.187640903541,136.1,"Freirina","2019",41,19.9123590964592
"34",110.994432159075,121,"Freirina","2019",42,10.0055678409249
"35",112.703068916013,131.7,"Freirina","2019",43,18.9969310839866
"36",85.2338603694084,76.9,"Freirina","2019",44,-8.33386036940838
"37",81.2563613485106,72,"Freirina","2019",45,-9.25636134851062
"38",114.360900560403,131,"Freirina","2019",46,16.6390994395971
"39",109.997956200642,115,"Freirina","2019",47,5.00204379935791
"40",81.2230807135642,77.8,"Freirina","2019",48,-3.42308071356423
"41",108.292294119048,118.5,"Freirina","2019",49,10.2077058809523
"42",77.5600338325562,60.1,"Freirina","2019",50,-17.4600338325562
"43",88.0278996825397,62,"Freirina","2019",51,-26.0278996825397
"44",74.7752861428571,63,"Freirina","2019",52,-11.7752861428571
"45",76.7064770238096,59,"Freirina","2019",53,-17.7064770238096
"46",70.3320464647867,60,"Freirina","2019",54,-10.3320464647867
"47",74.1073616885642,56.3,"Freirina","2019",57,-17.8073616885642
"48",68.7904337504531,53.5,"Freirina","2019",58,-15.2904337504531
"49",83.0330689257533,55.7,"Freirina","2019",59,-27.3330689257533
"50",73.6296671391774,74.3,"Freirina","2019",60,0.670332860822555
"51",77.048296744473,72.9,"Freirina","2019",61,-4.14829674447303
"52",76.9543332143951,73,"Freirina","2019",62,-3.95433321439506
"53",90.2813256349206,76,"Freirina","2019",63,-14.2813256349206
"54",87.295682952381,77,"Freirina","2019",64,-10.295682952381
"55",124.612871782107,155,"Freirina","2019",67,30.3871282178933
"56",83.365687,79,"Freirina","2019",68,-4.36568699999995
"57",83.4099476190476,78,"Freirina","2019",69,-5.40994761904759
"58",99.954093952381,90,"Freirina","2019",70,-9.95409395238096
"59",96.334062801726,96.2,"Freirina","2019",71,-0.134062801726046
"60",119.148428916129,144,"Freirina","2019",72,24.851571083871
"61",121.617034035377,145.7,"Freirina","2019",73,24.0829659646234
"62",124.070784964148,153.6,"Freirina","2019",74,29.529215035852
"63",122.731548651737,149.8,"Freirina","2019",75,27.0684513482626
"64",109.036569070263,118.8,"Freirina","2019",78,9.76343092973686
"65",111.93638523761,120.7,"Freirina","2019",79,8.76361476239022
"66",110.510479888889,127.7,"Freirina","2019",83,17.1895201111112
"67",110.338123333333,124.9,"Freirina","2019",85,14.5618766666666
"68",107.997299452381,115.2,"Freirina","2019",86,7.20270054761912
"69",109.372549714286,114.8,"Freirina","2019",87,5.4274502857143
"70",93.1302838611351,97.7,"Freirina","2019",88,4.56971613886493
"71",82.5194000678729,82.6,"Freirina","2019",89,0.0805999321270576
"72",107.188840809524,116.9,"Freirina","2019",90,9.71115919047614
"73",76.4114896737374,57.2,"Freirina","2019",91,-19.2114896737374
"74",74.4799656739715,76.2,"Freirina","2019",92,1.72003432602845
"75",62.2114287519578,35.4,"Freirina","2019",93,-26.8114287519578
"76",82.1415749671311,53.1,"Freirina","2019",94,-29.0415749671311
"77",67.9770559493282,38.6,"Freirina","2019",95,-29.3770559493282
"78",71.1689944230771,57.9,"Freirina","2019",96,-13.2689944230771
"79",80.46454448707,90.7,"Freirina","2019",97,10.23545551293
"80",84.5988823961039,77.2,"Freirina","2019",98,-7.39888239610387
"81",104.061667388134,115.9,"Freirina","2019",99,11.8383326118663
"82",115.064846666667,135.8,"Freirina","2019",102,20.7351533333332
"83",97.0504520873017,81.4,"Freirina","2019",103,-15.6504520873017
"84",85.5646766666665,58.1,"Freirina","2019",104,-27.4646766666665
"85",72.7634285714286,36.8,"Freirina","2019",105,-35.9634285714286
"86",117.558356,151.8,"Freirina","2019",106,34.2416439999997
"87",105.629175833333,116.9,"Freirina","2019",107,11.2708241666667
"88",76.1519920244568,61.7,"Freirina","2019",108,-14.4519920244568
"89",105.968127218463,139.2,"Freirina","2019",109,33.2318727815367
"90",96.1028794922851,76.5,"Freirina","2019",110,-19.6028794922851
"91",91.7290865396826,78,"Freirina","2019",111,-13.7290865396826
"92",91.1099982087912,79,"Freirina","2019",112,-12.1099982087912
"93",77.0619129824562,63,"Freirina","2019",113,-14.0619129824562
"94",84.8136162236652,62,"Freirina","2019",114,-22.8136162236652
"95",120.829608356347,185.5,"Freirina","2019",115,64.6703916436529
"96",82.6741299067142,64.3,"Freirina","2019",116,-18.3741299067142
"97",101.689927811418,104.4,"Freirina","2019",119,2.71007218858153
"98",97.5129179523812,92.3,"Freirina","2019",123,-5.21291795238118
"99",94.2144785383776,108.4,"Freirina","2019",124,14.1855214616224
"100",83.5258544749695,89.8,"Freirina","2019",126,6.27414552503049
"101",89.1449927711178,93.2,"Freirina","2019",129,4.0550072288822
"102",83.5394329641601,77,"Freirina","2019",131,-6.53943296416006
"103",92.3480823735719,103.5,"Freirina","2019",132,11.1519176264281
"104",97.7054767139507,78,"Freirina","2019",133,-19.7054767139507
"105",99.0289813895409,119.1,"Freirina","2019",134,20.071018610459
"106",90.8683196666668,74.8,"Freirina","2019",135,-16.0683196666668
"107",89.3584267142857,79,"Freirina","2019",136,-10.3584267142857
"108",90.549373488678,90.4,"Freirina","2019",137,-0.149373488678037
"109",122.17694344824,156.5,"Freirina","2019",138,34.3230565517598
"110",91.2917067248307,80.5,"Freirina","2019",140,-10.7917067248307
"111",82.8438100979454,76.5,"Freirina","2019",141,-6.34381009794544
"112",80.9668350279488,72.4,"Freirina","2019",142,-8.56683502794877
"113",97.0163222145389,54.1,"Freirina","2019",143,-42.9163222145389
"114",93.0444140952383,123.4,"Freirina","2019",145,30.3555859047617
"115",71.4426093362194,48,"Freirina","2019",146,-23.4426093362194
"116",109.191843888889,134.1,"Freirina","2019",147,24.9081561111112
"117",68.3870979285715,40.7,"Freirina","2019",148,-27.6870979285715
"118",82.3767404148629,79.5,"Freirina","2019",160,-2.87674041486287
"119",82.5160661647797,78,"Freirina","2019",161,-4.51606616477969
"120",87.8583560996811,79.3,"Freirina","2019",165,-8.55835609968106
"121",91.4602718978181,87.4,"Freirina","2019",167,-4.06027189781807
"122",122.194235219421,159.3,"Freirina","2019",168,37.1057647805785
"123",86.5934854365079,85.5,"Freirina","2019",172,-1.09348543650793
"124",117.224402666667,153,"Freirina","2019",175,35.7755973333334
"125",99.9541616125542,97.4,"Freirina","2019",177,-2.55416161255417
"126",101.695248571429,121.5,"Freirina","2019",178,19.8047514285714
"127",82.9235316363636,78.5,"Freirina","2019",179,-4.42353163636363
"128",87.3471391111112,96,"Freirina","2019",180,8.65286088888881
"129",65.924366642857,35.8,"Freirina","2019",181,-30.124366642857
"130",72.2002300946275,53.7,"Freirina","2019",182,-18.5002300946275
"131",74.0175937445887,85.5,"Freirina","2019",183,11.4824062554113
"132",77.4159959126983,77,"Freirina","2019",184,-0.415995912698307
"133",86.2400654761904,93.8,"Freirina","2019",185,7.55993452380956
"134",76.5199104444444,62,"Freirina","2019",186,-14.5199104444444
"135",90.1664404545455,117.8,"Freirina","2019",187,27.6335595454545
"136",77.3131229761905,54,"Freirina","2019",188,-23.3131229761905
"137",72.8364766865079,53,"Freirina","2019",189,-19.8364766865079
"138",102.001245047619,127.8,"Freirina","2019",190,25.7987549523807
"139",70.989855063492,57.1,"Freirina","2019",192,-13.889855063492
"140",104.299148388278,132.6,"Freirina","2019",193,28.3008516117219
"141",52.3636623333332,18.8,"Freirina","2019",194,-33.5636623333332
"142",59.8172644444443,37.6,"Freirina","2019",195,-22.2172644444443
"143",85.3219363115152,104.7,"Freirina","2019",196,19.3780636884848
"144",84.8620705555556,80.3,"Freirina","2019",199,-4.56207055555559
"145",98.7585943095237,122.2,"Freirina","2019",200,23.4414056904763
"146",101.008434894392,119.1,"Freirina","2019",201,18.0915651056079
"147",84.2272245526696,78.5,"Freirina","2019",204,-5.72722455266961
"148",92.5867999523809,98,"Freirina","2019",205,5.41320004761906
"149",95.4205319999998,113.1,"Freirina","2019",206,17.6794680000002
"150",83.9817638095237,91.1,"Freirina","2019",207,7.11823619047625
"151",59.8117824880951,39.1,"Freirina","2019",208,-20.7117824880951
"152",73.2826017380953,58.7,"Freirina","2019",209,-14.5826017380953
"153",70.8102010476191,68.9,"Freirina","2019",210,-1.9102010476191
"154",71.5953628571428,67,"Freirina","2019",211,-4.59536285714283
"155",64.9533793333333,53,"Freirina","2019",212,-11.9533793333333
"156",92.0135592222222,114.2,"Freirina","2019",215,22.1864407777778
"157",59.6016057142857,38,"Freirina","2019",216,-21.6016057142857
"158",78.4731201190476,95,"Freirina","2019",217,16.5268798809524
"159",69.6694754761905,57,"Freirina","2019",218,-12.6694754761905
"160",107.582256210223,141.9,"Freirina","2019",219,34.3177437897774
"161",104.235064888889,122.8,"Freirina","2019",220,18.564935111111
"162",125.111284285715,172.3,"Freirina","2019",221,47.1887157142853
"163",91.9200748268398,91.6,"Freirina","2019",223,-0.3200748268398
"164",76.4366306666666,61,"Freirina","2019",224,-15.4366306666666
"165",85.0048926190476,88.9,"Freirina","2019",226,3.89510738095237
"166",55.5256406666667,33,"Freirina","2019",232,-22.5256406666667
"167",67.7517520442238,90.3,"Freirina","2019",233,22.5482479557762
"168",62.4740022698412,34,"Freirina","2019",234,-28.4740022698412
"169",89.4894529285715,103.5,"Freirina","2019",235,14.0105470714285
"170",88.3265721031746,87.5,"Freirina","2019",236,-0.826572103174641
"171",81.4394024285714,74.3,"Freirina","2019",237,-7.13940242857143
"172",77.7264911251526,75,"Freirina","2019",242,-2.72649112515258
"173",77.7210840714285,79.8,"Freirina","2019",243,2.07891592857145
"174",70.8742715459541,51.5,"Freirina","2019",245,-19.3742715459541
"175",77.1323843095237,110.6,"Freirina","2019",246,33.4676156904763
"176",44.9057886547619,18,"Freirina","2019",250,-26.9057886547619
"177",40.0703513876679,19,"Freirina","2019",251,-21.0703513876679
"178",35.9713974350649,17,"Freirina","2019",252,-18.9713974350649
"179",38.0787864133089,21,"Freirina","2019",253,-17.0787864133089
"180",42.36099623557,19,"Freirina","2019",254,-23.36099623557
"181",34.6690264906204,17,"Freirina","2019",255,-17.6690264906204
"182",34.7767790541125,16.4,"Freirina","2019",256,-18.3767790541125
"183",108.392310606061,132.9,"Freirina","2019",261,24.5076893939392
"184",91.0698628571428,80.8,"Freirina","2019",262,-10.2698628571428
"185",74.4138008095237,43,"Freirina","2019",265,-31.4138008095237
"186",78.090206,70,"Freirina","2019",268,-8.09020599999999
"187",77.3850178333333,63,"Freirina","2019",269,-14.3850178333333
"188",82.7933264444445,74,"Freirina","2019",270,-8.79332644444446
"189",84.7270596666667,78.2,"Freirina","2019",274,-6.52705966666666
"190",77.7722398571429,58.7,"Freirina","2019",276,-19.0722398571429
"191",94.3318926190475,115.2,"Freirina","2019",279,20.8681073809525
"192",73.5640126190476,57.5,"Freirina","2019",280,-16.0640126190476
"193",125.183523253968,172.2,"Freirina","2019",281,47.016476746032
"194",75.3630392857141,56.1,"Freirina","2019",282,-19.2630392857141
"195",74.9575855238095,74.9,"Freirina","2019",283,-0.0575855238095073
"196",90.7827312481962,74,"Freirina","2019",284,-16.7827312481962
"197",98.9586268571429,115.4,"Freirina","2019",285,16.4413731428571
"198",87.920963051948,75.2,"Freirina","2019",286,-12.720963051948
"199",83.6582007936508,79.1,"Freirina","2019",287,-4.55820079365083
"200",78.3959816666666,60.3,"Freirina","2019",288,-18.0959816666666
"201",103.134800095238,118,"Freirina","2019",290,14.865199904762
"202",100.99388734127,114.4,"Freirina","2019",291,13.4061126587301
"203",105.377417254967,117.9,"Freirina","2019",292,12.5225827450327
"204",110.595506710269,134.7,"Freirina","2019",294,24.104493289731
"205",105.841099698067,96,"Freirina","2019",295,-9.84109969806713
"206",96.6673156227468,115.2,"Freirina","2019",296,18.5326843772532
"207",78.1496247100121,75.6,"Freirina","2019",297,-2.54962471001215
"208",67.5326884761905,56.7,"Freirina","2019",298,-10.8326884761905
"209",61.7579610714287,37.4,"Freirina","2019",299,-24.3579610714287
"210",103.097220714286,125.6,"Freirina","2019",301,22.5027792857145
"211",84.6500316666667,84.5,"Freirina","2019",302,-0.150031666666678
"212",62.1830616666666,37.5,"Freirina","2019",303,-24.6830616666666
"213",77.5925013708514,56.3,"Freirina","2019",304,-21.2925013708514
"214",83.7966432575758,97,"Freirina","2019",305,13.2033567424242
"215",66.9254128318904,38.5,"Freirina","2019",307,-28.4254128318904
"216",85.8751955619117,80,"Freirina","2019",308,-5.87519556191171
"217",80.2695700740166,75.2,"Freirina","2019",309,-5.06957007401657
"218",68.0883050238097,35.9,"Freirina","2019",310,-32.1883050238097
"219",77.5426497063492,53.88,"Freirina","2019",311,-23.6626497063492
"220",123.926924238095,166.5,"Freirina","2019",314,42.5730757619047
"221",98.7424475714285,119.2,"Freirina","2019",315,20.4575524285715
"222",87.2061925645536,93.7,"Freirina","2019",317,6.49380743544637
"223",77.5401686707084,62.5,"Freirina","2019",318,-15.0401686707084
"224",78.7477628657018,79.6,"Freirina","2019",319,0.852237134298193
"225",132.460561309524,194.8,"Freirina","2019",323,62.339438690476
"226",81.4137797759103,82.7,"Freirina","2019",325,1.28622022408966
"227",78.8512146264846,91,"Freirina","2019",326,12.1487853735154
"228",93.3754469841271,90.5,"Freirina","2019",327,-2.87544698412708
"229",93.7667390909091,97.8,"Freirina","2019",328,4.03326090909088
"230",77.0170402028143,63.8,"Freirina","2019",329,-13.2170402028143
"231",85.2566183333333,93.1,"Freirina","2019",331,7.84338166666672
"232",83.8704601547618,67.1,"Freirina","2019",332,-16.7704601547618
"233",88.7660086660199,92.2,"Freirina","2019",336,3.43399133398013
"234",100.814283214286,124.8,"Freirina","2019",337,23.9857167857142
"235",83.0224278699078,54.6,"Freirina","2019",338,-28.4224278699078
"236",70.3797189285715,54.9,"Freirina","2019",340,-15.4797189285716
"237",73.0105792857145,54.9,"Freirina","2019",341,-18.1105792857145
"238",77.7473471428572,72.3,"Freirina","2019",342,-5.44734714285717
"239",82.3908517124542,66.7,"Freirina","2019",343,-15.6908517124542
"240",76.6640966197691,66.7,"Freirina","2019",344,-9.96409661976914
"241",77.6002027678964,59.4,"Freirina","2019",347,-18.2002027678964
"242",77.8074893253969,61,"Freirina","2019",348,-16.8074893253969
"243",74.6064911183261,57,"Freirina","2019",349,-17.6064911183261
"244",75.0982899603173,81.1,"Freirina","2019",350,6.00171003968268
"245",81.4381130093369,59.1,"Freirina","2019",351,-22.3381130093369
"246",82.5158134744421,77.6,"Freirina","2019",352,-4.91581347444213
"247",86.80975121609,77.8,"Freirina","2019",353,-9.00975121609001
"248",85.8278472373862,82.6,"Freirina","2019",356,-3.22784723738616
"249",83.3429345090614,78.9,"Freirina","2019",358,-4.44293450906139
"250",85.9680322308247,81.2,"Freirina","2019",359,-4.7680322308247
"251",80.1761536360307,62,"Freirina","2019",360,-18.1761536360307
"252",92.7830132142859,98.3,"Freirina","2019",361,5.51698678571414
"253",83.469724423077,72.3,"Freirina","2019",362,-11.169724423077
"254",97.2515226093812,118.2,"Freirina","2019",365,20.9484773906188
"255",82.3143735642136,59.5,"Freirina","2019",366,-22.8143735642136
"256",74.4218135192586,55.9,"Freirina","2019",367,-18.5218135192586
"257",91.4920666755904,86.7,"Freirina","2019",368,-4.79206667559042
"258",122.811861919192,172.6,"Freirina","2019",369,49.7881380808082
"259",103.313047103001,125,"Freirina","2019",370,21.6869528969985
"260",107.676509589087,125.6,"Freirina","2019",371,17.9234904109128
"261",86.6876997619047,105.7,"Freirina","2019",374,19.0123002380953
"262",70.4927804761905,61.6,"Freirina","2019",377,-8.89278047619046
"263",71.6764638888889,63,"Freirina","2019",378,-8.67646388888889
"264",74.9576100793652,72.9,"Freirina","2019",379,-2.05761007936516
"265",88.7794298214939,54.6,"Freirina","2019",380,-34.1794298214939
"266",97.1104949382481,134.5,"Freirina","2019",381,37.3895050617519
"267",110.874195873016,134.8,"Freirina","2019",382,23.925804126984
"268",124.789813563492,145.1,"Freirina","2019",383,20.3101864365081
"269",118.621692506715,152.2,"Freirina","2019",384,33.5783074932846
"270",111.30915372977,135.9,"Freirina","2019",385,24.5908462702295
"271",71.4896467258019,50.8,"Freirina","2019",387,-20.6896467258019
"272",67.2417612595616,50.8,"Freirina","2019",388,-16.4417612595616
"273",74.9228942803804,79.1,"Freirina","2019",390,4.17710571961962
"274",77.6440918373016,58,"Freirina","2019",391,-19.6440918373016
"275",69.1428690359085,59,"Freirina","2019",392,-10.1428690359085
"276",81.1472039374528,74,"Freirina","2019",393,-7.14720393745283
"277",79.9959177380953,76,"Freirina","2019",394,-3.99591773809527
"278",108.726990467033,122.3,"Freirina","2019",395,13.5730095329668
"279",95.7367638736265,91.8,"Freirina","2019",397,-3.93676387362648
"280",104.943636017316,122.5,"Freirina","2019",398,17.556363982684
"281",101.294827683983,118.3,"Freirina","2019",399,17.0051723160172
"282",103.998279630647,120.2,"Freirina","2019",400,16.201720369353
"283",99.1629228571429,98.5,"Freirina","2019",401,-0.662922857142888
"284",71.0621575396825,57,"Freirina","2019",402,-14.0621575396825
"285",80.4166632198847,58,"Freirina","2019",403,-22.4166632198847
"286",93.225528979354,73,"Freirina","2019",404,-20.225528979354
"287",86.7944004256854,72,"Freirina","2019",405,-14.7944004256854
"288",101.314773392857,122.5,"Freirina","2019",406,21.1852266071428
"289",121.811741244589,121.8,"Freirina","2019",408,-0.0117412445887481
"290",122.427011318182,132.1,"Freirina","2019",409,9.67298868181818
"291",125.325850097957,162.1,"Freirina","2019",410,36.7741499020426
"292",114.86056225887,133.1,"Freirina","2019",411,18.2394377411299
"293",112.067965831181,128.5,"Freirina","2019",412,16.4320341688187
"294",91.681660452381,109,"Freirina","2019",414,17.318339547619
"295",85.209393420635,88.4,"Freirina","2019",415,3.19060657936502
"296",70.6008918321679,52,"Freirina","2019",416,-18.6008918321679
"297",76.2189948650794,76.9,"Freirina","2019",417,0.681005134920568
"298",73.9879614650834,79,"Freirina","2019",418,5.01203853491658
"299",74.8590371053581,81,"Freirina","2019",419,6.14096289464186
"300",75.8686245301594,76,"Freirina","2019",420,0.131375469840577
"301",67.3797310793651,81.8,"Freirina","2019",421,14.4202689206349
"302",103.182533711018,145,"Freirina","2019",422,41.8174662889822
"303",79.6031521507937,95.5,"Freirina","2019",423,15.8968478492063
"304",72.9792166666667,54.2,"Freirina","2019",425,-18.7792166666667
"305",80.6227012185592,85.1,"Freirina","2019",426,4.47729878144075
"306",72.7411707142857,56.5,"Freirina","2019",427,-16.2411707142857
"307",104.681834728938,92.5,"Freirina","2019",428,-12.1818347289377
"308",92.1105398863279,77.1,"Freirina","2019",430,-15.0105398863279
"309",123.629613210678,129,"Freirina","2019",431,5.37038678932177
"310",123.037860127373,132.3,"Freirina","2019",432,9.26213987262729
"311",128.975530246032,159.6,"Freirina","2019",434,30.6244697539684
"312",95.18438130513,93.7,"Freirina","2019",435,-1.48438130512999
"313",102.047502102925,124.9,"Freirina","2019",436,22.852497897075
"314",89.4176682588026,86.1,"Freirina","2019",437,-3.31766825880263
"315",100.60827936508,114.9,"Freirina","2019",438,14.2917206349205
"316",63.5253774040405,45.9,"Freirina","2019",439,-17.6253774040405
"317",99.0869811666668,124.3,"Freirina","2019",440,25.2130188333332
"318",79.6502842199467,87.2,"Freirina","2019",441,7.54971578005326
"319",82.7369555000001,74.4,"Freirina","2019",443,-8.33695550000004
"320",60.2163348730158,35.8,"Freirina","2019",444,-24.4163348730158
"321",41.186214524975,17.8,"Freirina","2019",445,-23.386214524975
"322",70.2585857301588,71.7,"Freirina","2019",446,1.4414142698412
"323",59.3540424040405,32.9,"Freirina","2019",447,-26.4540424040405
"324",71.2003904090909,49.3,"Freirina","2019",449,-21.9003904090909
"325",88.2369562698413,95.1,"Freirina","2019",450,6.86304373015874
"326",80.5712195476191,73.5,"Freirina","2019",451,-7.07121954761908
"327",108.21221734127,130.7,"Freirina","2019",452,22.4877826587302
"328",107.734238798716,134.1,"Freirina","2019",453,26.3657612012838
"329",93.9949845221366,86.1,"Freirina","2019",454,-7.89498452213661
"330",103.223796635854,84.4,"Freirina","2019",455,-18.8237966358545
"331",97.8204651675784,97.6,"Freirina","2019",456,-0.220465167578453
"332",93.8105267375687,95.8,"Freirina","2019",457,1.98947326243132
"333",99.797400826193,113.6,"Freirina","2019",458,13.802599173807
"334",106.263038412824,103.6,"Freirina","2019",459,-2.66303841282355
"335",70.8173702857143,48,"Freirina","2019",460,-22.8173702857143
"336",85.5838384578754,98.4,"Freirina","2019",461,12.8161615421246
"337",77.7810078766233,68.5,"Freirina","2019",462,-9.28100787662331
"338",94.1576861721611,110.5,"Freirina","2019",463,16.3423138278389
"339",86.896507056277,77,"Freirina","2019",464,-9.89650705627703
"340",82.7119704160402,76,"Freirina","2019",465,-6.71197041604019
"341",81.7653375541126,74.4,"Freirina","2019",466,-7.36533755411264
"342",66.2472941414143,33.4,"Freirina","2019",467,-32.8472941414143
"343",74.9330856053624,60.7,"Freirina","2019",468,-14.2330856053624
"344",98.1902300425308,123.4,"Freirina","2019",471,25.2097699574692
"345",79.4390731537689,65,"Freirina","2019",472,-14.4390731537689
"346",116.768496885985,144.2,"Freirina","2019",473,27.4315031140148
"347",64.1994485714286,40,"Freirina","2019",477,-24.1994485714286
"348",88.3247186904762,93.8,"Freirina","2019",478,5.47528130952377
"349",76.5489993492064,67.2,"Freirina","2019",479,-9.34899934920635
"350",88.1061431746033,90.3,"Freirina","2019",484,2.19385682539672
"351",90.1459802777778,86.2,"Freirina","2019",485,-3.94598027777775
"352",102.318378177191,127.5,"Freirina","2019",486,25.1816218228088
"353",84.481910809524,78.8,"Freirina","2019",490,-5.68191080952396
"354",113.564255,149.9,"Freirina","2019",491,36.3357449999997
"355",83.4259650952383,102.4,"Freirina","2019",492,18.9740349047617
"356",126.666096957432,184.4,"Freirina","2019",494,57.7339030425682
"357",76.12929532684,39.9,"Freirina","2019",495,-36.22929532684
"358",80.586334125541,60.6,"Freirina","2019",496,-19.986334125541
"359",87.7540477346542,84.3,"Freirina","2019",497,-3.45404773465422
"360",114.803617809524,157.7,"Freirina","2019",499,42.8963821904764
"361",110.177309642857,91.2,"Freirina","2019",500,-18.977309642857
"362",84.6739131305552,79.9,"Freirina","2019",501,-4.77391313055517
"363",87.4030609715185,79.9,"Freirina","2019",502,-7.50306097151852
"364",91.3987891207184,99.8,"Freirina","2019",504,8.40121087928155
"365",52.3081568333332,14.1,"Freirina","2018",1,-38.2081568333332
"366",71.2550039121989,61,"Freirina","2018",2,-10.2550039121989
"367",78.1842821269842,57.8,"Freirina","2018",3,-20.3842821269842
"368",76.4657647294373,60,"Freirina","2018",4,-16.4657647294373
"369",77.274567323283,61.4,"Freirina","2018",5,-15.874567323283
"370",47.413840276076,19.68,"Freirina","2018",6,-27.733840276076
"371",57.5516670500962,39.37,"Freirina","2018",7,-18.1816670500962
"372",76.6012322072398,72.9,"Freirina","2018",8,-3.70123220723976
"373",61.5340232248519,56.85,"Freirina","2018",9,-4.68402322485185
"374",117.868868473885,175.2,"Freirina","2018",10,57.331131526115
"375",112.580047830397,144.2,"Freirina","2018",11,31.6199521696028
"376",97.4376563515405,102,"Freirina","2018",12,4.56234364845946
"377",87.7302971128684,99,"Freirina","2018",13,11.2697028871316
"378",79.8956633267801,68.5,"Freirina","2018",14,-11.3956633267801
"379",77.1744172648067,69.9,"Freirina","2018",15,-7.27441726480674
"380",101.758971141314,116.8,"Freirina","2018",16,15.0410288586856
"381",86.2775209556517,111,"Freirina","2018",17,24.7224790443483
"382",66.0007551254204,54.8,"Freirina","2018",18,-11.2007551254204
"383",65.7378114968466,54.7,"Freirina","2018",19,-11.0378114968466
"384",61.7755808806326,40,"Freirina","2018",20,-21.7755808806326
"385",62.6499567165392,57,"Freirina","2018",21,-5.64995671653922
"386",62.2517462689267,40.3,"Freirina","2018",22,-21.9517462689267
"387",65.6791720244119,59.7,"Freirina","2018",23,-5.97917202441185
"388",70.8673664151206,58.8,"Freirina","2018",24,-12.0673664151206
"389",67.8910686875903,40.4,"Freirina","2018",25,-27.4910686875903
"390",86.0719204285714,94,"Freirina","2018",26,7.92807957142855
"391",86.281400015873,94,"Freirina","2018",27,7.71859998412701
"392",73.8137274083695,71,"Freirina","2018",28,-2.81372740836946
"393",71.9887116028138,54.8,"Freirina","2018",29,-17.1887116028138
"394",69.5129404706637,70,"Freirina","2018",30,0.487059529336321
"395",79.8169154737471,95.5,"Freirina","2018",31,15.6830845262529
"396",89.5343313243533,106.9,"Freirina","2018",32,17.3656686756467
"397",83.2036981316901,98.4,"Freirina","2018",33,15.1963018683099
"398",129.151784574315,190.9,"Freirina","2018",34,61.7482154256852
"399",125.251605038961,149.2,"Freirina","2018",35,23.9483949610393
"400",124.654315238095,158.5,"Freirina","2018",36,33.8456847619048
"401",129.508600230626,188,"Freirina","2018",37,58.4913997693744
"402",76.4241130793651,71,"Freirina","2018",38,-5.42411307936506
"403",108.022162991512,141.5,"Freirina","2018",39,33.4778370084883
"404",128.512188150246,188,"Freirina","2018",40,59.487811849754
"405",127.852314166667,171.5,"Freirina","2018",41,43.6476858333334
"406",120.963244033893,132.2,"Freirina","2018",42,11.2367559661071
"407",91.6920022016752,89,"Freirina","2018",43,-2.69200220167517
"408",77.277440257764,79,"Freirina","2018",44,1.72255974223597
"409",82.1934615469551,89,"Freirina","2018",45,6.80653845304487
"410",75.6633702114263,69.5,"Freirina","2018",46,-6.16337021142625
"411",68.0942973371442,61.6,"Freirina","2018",47,-6.4942973371442
"412",72.5229685952381,80.8,"Freirina","2018",48,8.27703140476193
"413",72.516943984127,79,"Freirina","2018",53,6.48305601587299
"414",74.4678680003263,98.6,"Freirina","2018",54,24.1321319996737
"415",76.9661979289646,61.4,"Freirina","2018",55,-15.5661979289646
"416",78.6277791264124,62,"Freirina","2018",56,-16.6277791264124
"417",76.0522855674618,61,"Freirina","2018",57,-15.0522855674618
"418",45.8209997101715,20.4,"Freirina","2018",58,-25.4209997101715
"419",55.6003642588995,40.9,"Freirina","2018",59,-14.7003642588995
"420",62.4063303615824,39.9,"Freirina","2018",60,-22.5063303615824
"421",53.2297528403881,39.4,"Freirina","2018",61,-13.8297528403881
"422",57.7241202374756,39.3,"Freirina","2018",62,-18.4241202374756
"423",63.6999995476191,39,"Freirina","2018",63,-24.6999995476191
"424",78.7522760108224,71,"Freirina","2018",66,-7.75227601082244
"425",67.6547164075631,54.7,"Freirina","2018",67,-12.9547164075631
"426",70.5699441666667,72,"Freirina","2018",68,1.43005583333333
"427",73.259739952381,61.9,"Freirina","2018",69,-11.359739952381
"428",85.1912797142857,72.9,"Freirina","2018",70,-12.2912797142857
"429",99.5171785468975,96.5,"Freirina","2018",71,-3.01717854689751
"430",93.8972261453054,86.5,"Freirina","2018",73,-7.3972261453054
"431",121.632549073793,145.9,"Freirina","2018",74,24.267450926207
"432",77.2383956032316,40,"Freirina","2018",75,-37.2383956032316
"433",82.5125424887788,69.9,"Freirina","2018",76,-12.6125424887788
"434",62.7470257380952,41,"Freirina","2018",77,-21.7470257380952
"435",78.5149038489225,54.8,"Freirina","2018",78,-23.7149038489225
"436",119.082218822298,155.7,"Freirina","2018",79,36.6177811777016
"437",110.483845274601,121.2,"Freirina","2018",80,10.716154725399
"438",85.4586585387531,72.1,"Freirina","2018",81,-13.3586585387531
"439",73.1496193888889,45.5,"Freirina","2018",82,-27.6496193888889
"440",65.8684519166667,44,"Freirina","2018",83,-21.8684519166667
"441",72.2119236507936,37,"Freirina","2018",86,-35.2119236507936
"442",94.6424321666666,94,"Freirina","2018",87,-0.642432166666637
"443",45.5761173097627,19.46,"Freirina","2018",88,-26.1161173097627
"444",57.0466737270577,47,"Freirina","2018",89,-10.0466737270577
"445",67.1653158341104,45.5,"Freirina","2018",90,-21.6653158341104
"446",71.8414993921489,54.7,"Freirina","2018",91,-17.1414993921489
"447",55.7964380180703,38.9,"Freirina","2018",92,-16.8964380180703
"448",68.0567260918018,58.4,"Freirina","2018",93,-9.65672609180184
"449",68.7697229117199,77.86,"Freirina","2018",94,9.09027708828008
"450",66.1442562945388,75,"Freirina","2018",95,8.85574370546124
"451",56.6433829229027,51,"Freirina","2018",96,-5.64338292290267
"452",53.0481027083194,40,"Freirina","2018",97,-13.0481027083194
"453",62.4409313005051,45.5,"Freirina","2018",98,-16.9409313005051
"454",83.3944037857144,69.4,"Freirina","2018",103,-13.9944037857144
"455",94.008889047619,98,"Freirina","2018",104,3.99111095238096
"456",70.9828741263736,54.7,"Freirina","2018",105,-16.2828741263736
"457",82.103288310777,69.4,"Freirina","2018",106,-12.703288310777
"458",143.592053166667,202.4,"Freirina","2018",107,58.8079468333333
"459",122.184318943155,163.4,"Freirina","2018",108,41.2156810568445
"460",153.628819919811,176.2,"Freirina","2018",109,22.5711800801892
"461",154.811721994277,213.1,"Freirina","2018",110,58.2882780057233
"462",115.393836055555,137.7,"Freirina","2018",111,22.3061639444447
"463",107.576259197097,143.4,"Freirina","2018",112,35.8237408029028
"464",120.878679412698,167.7,"Freirina","2018",113,46.8213205873018
"465",110.757115908242,132.5,"Freirina","2018",114,21.7428840917579
"466",105.715838601862,119.9,"Freirina","2018",115,14.1841613981384
"467",110.615742495247,98.4,"Freirina","2018",116,-12.2157424952467
"468",96.11114304382,83.1,"Freirina","2018",117,-13.01114304382
"469",98.5864478762487,98.1,"Freirina","2018",118,-0.486447876248704
"470",81.6276866729953,83.1,"Freirina","2018",119,1.47231332700466
"471",92.2557243189032,83.1,"Freirina","2018",120,-9.15572431890321
"472",100.221061238095,102,"Freirina","2018",121,1.77893876190475
"473",113.1670465,130.7,"Freirina","2018",122,17.5329534999999
"474",132.607850602564,192.5,"Freirina","2018",123,59.8921493974359
"475",96.3951737468118,101,"Freirina","2018",124,4.60482625318818
"476",95.9976955443013,91,"Freirina","2018",125,-4.99769554430125
"477",67.0892792918748,55,"Freirina","2018",126,-12.0892792918748
"478",74.4646070934766,91,"Freirina","2018",127,16.5353929065234
"479",75.3950634041367,79.2,"Freirina","2018",128,3.80493659586325
"480",54.995660410645,36.7,"Freirina","2018",129,-18.295660410645
"481",64.4375793387466,61.9,"Freirina","2018",130,-2.53757933874659
"482",62.7457570485081,61,"Freirina","2018",131,-1.74575704850808
"483",65.6924796605703,40,"Freirina","2018",132,-25.6924796605703
"484",79.4918125279463,60.4,"Freirina","2018",133,-19.0918125279463
"485",79.4629698237927,72.9,"Freirina","2018",134,-6.5629698237927
"486",66.3879965793651,40.3,"Freirina","2018",135,-26.0879965793651
"487",81.030554478355,98.5,"Freirina","2018",136,17.469445521645
"488",80.8367851417748,98,"Freirina","2018",137,17.1632148582252
"489",90.9631636447426,99.9,"Freirina","2018",138,8.93683635525741
"490",79.3466861367087,68.5,"Freirina","2018",139,-10.8466861367087
"491",94.9564007866453,119,"Freirina","2018",140,24.0435992133547
"492",116.212826881015,149.4,"Freirina","2018",141,33.187173118985
"493",86.9413980355608,64,"Freirina","2018",142,-22.9413980355608
"494",102.663073729583,94,"Freirina","2018",143,-8.66307372958283
"495",88.8519756424307,71,"Freirina","2018",144,-17.8519756424307
"496",97.1304972222223,94,"Freirina","2018",145,-3.13049722222226
"497",99.7838028333333,110.6,"Freirina","2018",146,10.8161971666667
"498",78.8932977857143,55.3,"Freirina","2018",147,-23.5932977857143
"499",96.5275292222222,101.2,"Freirina","2018",148,4.67247077777779
"500",75.7364890005313,61.4,"Freirina","2018",149,-14.3364890005314
"501",98.8430676666666,110.6,"Freirina","2018",150,11.7569323333334
"502",116.339599521645,150.9,"Freirina","2018",151,34.5604004783547
"503",67.3251324011544,37.7,"Freirina","2018",152,-29.6251324011544
"504",81.5602609584499,80.96,"Freirina","2018",153,-0.600260958449937
"505",79.8829168780664,76,"Freirina","2018",154,-3.88291687806637
"506",71.7270439365079,54.8,"Freirina","2018",155,-16.9270439365079
"507",62.6570863956044,34.25,"Freirina","2018",156,-28.4070863956044
"508",73.435257974359,56,"Freirina","2018",157,-17.435257974359
"509",88.1082856660483,68.5,"Freirina","2018",158,-19.6082856660483
"510",66.6603683322706,57,"Freirina","2018",159,-9.66036833227056
"511",65.9338363584749,57.8,"Freirina","2018",160,-8.13383635847488
"512",82.3940084483702,89,"Freirina","2018",161,6.60599155162976
"513",62.0665250898546,56,"Freirina","2018",162,-6.06652508985463
"514",56.9382903295592,35.6,"Freirina","2018",163,-21.3382903295592
"515",78.8251784175125,81,"Freirina","2018",165,2.17482158248747
"516",66.7210229307671,54,"Freirina","2018",166,-12.7210229307671
"517",78.3737411948052,69.5,"Freirina","2018",167,-8.87374119480519
"518",71.6858782301587,55,"Freirina","2018",168,-16.6858782301587
"519",90.9227001515152,86.8,"Freirina","2018",169,-4.12270015151522
"520",97.4116383333333,97.8,"Freirina","2018",170,0.388361666666654
"521",95.9632466450218,117.4,"Freirina","2018",171,21.4367533549782
"522",75.5670481825398,58.7,"Freirina","2018",172,-16.8670481825398
"523",80.9223397243869,69.4,"Freirina","2018",173,-11.5223397243869
"524",118.063955952381,144.8,"Freirina","2018",174,26.736044047619
"525",56.940045404762,36.2,"Freirina","2018",175,-20.740045404762
"526",78.9229164761905,90.8,"Freirina","2018",176,11.8770835238095
"527",58.5438911666666,36.3,"Freirina","2018",177,-22.2438911666666
"528",95.3443599523809,92.6,"Freirina","2018",178,-2.74435995238095
"529",93.1843512222222,109,"Freirina","2018",179,15.8156487777778
"530",50.386443126984,17.3,"Freirina","2018",180,-33.0864431269841
"531",83.7748208095238,98,"Freirina","2018",181,14.2251791904762
"532",77.6178797759463,92.6,"Freirina","2018",182,14.9821202240537
"533",76.6022364660895,69.8,"Freirina","2018",183,-6.80223646608945
"534",74.8559312222223,69.3,"Freirina","2018",184,-5.55593122222233
"535",79.9529590000001,68.9,"Freirina","2018",185,-11.0529590000001
"536",87.1297144047619,89.8,"Freirina","2018",186,2.67028559523811
"537",96.4046131190479,94.9,"Freirina","2018",187,-1.50461311904789
"538",97.5895010128207,121.9,"Freirina","2018",188,24.3104989871793
"539",79.5570826190475,83.1,"Freirina","2018",189,3.54291738095245
"540",82.3018366666664,98.6,"Freirina","2018",190,16.2981633333335
"541",57.1506651890332,39.4,"Freirina","2018",191,-17.7506651890332
"542",52.4860925018315,38.5,"Freirina","2018",192,-13.9860925018315
"543",99.2630602851039,134.8,"Freirina","2018",193,35.5369397148961
"544",47.902841092352,20.1,"Freirina","2018",194,-27.802841092352
"545",50.7874253102454,19.9,"Freirina","2018",195,-30.8874253102454
"546",76.4764812611833,59.7,"Freirina","2018",196,-16.7764812611833
"547",57.2000972857142,39.8,"Freirina","2018",197,-17.4000972857142
"548",45.1788847222221,17.3,"Freirina","2018",198,-27.8788847222221
"549",42.4981274047619,19,"Freirina","2018",199,-23.4981274047619
"550",82.3190832736708,107.9,"Freirina","2018",200,25.5809167263292
"551",75.5716410401155,69.5,"Freirina","2018",201,-6.07164104011549
"552",59.2920273200601,62,"Freirina","2018",202,2.70797267993995
"553",53.1277037615995,31,"Freirina","2018",203,-22.1277037615995
"554",51.6053372698413,38.7,"Freirina","2018",204,-12.9053372698413
"555",50.0823661190476,19.3,"Freirina","2018",205,-30.7823661190476
"556",92.4703053101343,116.2,"Freirina","2018",206,23.7296946898657
"557",67.7305478174604,78.9,"Freirina","2018",207,11.1694521825396
"558",61.2050321666667,58,"Freirina","2018",208,-3.20503216666668
"559",52.8705311666667,41.4,"Freirina","2018",209,-11.4705311666667
"560",69.1524085238095,82.8,"Freirina","2018",210,13.6475914761905
"561",77.1386051495727,84,"Freirina","2018",211,6.86139485042733
"562",63.775501,56.5,"Freirina","2018",212,-7.27550099999996
"563",62.4205179047619,56.7,"Freirina","2018",213,-5.72051790476191
"564",77.5004119523808,83.1,"Freirina","2018",214,5.59958804761916
"565",56.0405128333333,37.8,"Freirina","2018",215,-18.2405128333333
"566",60.402292530303,57,"Freirina","2018",216,-3.40229253030301
"567",65.2469745,82.3,"Freirina","2018",217,17.0530255
"568",45.0047553333333,31.68,"Freirina","2018",218,-13.3247553333333
"569",77.2893521897547,85.5,"Freirina","2018",219,8.21064781024529
"570",74.8751052301587,95,"Freirina","2018",220,20.1248947698413
"571",75.3858490294118,79.2,"Freirina","2018",221,3.81415097058824
"572",44.5160238968254,19,"Freirina","2018",222,-25.5160238968254
"573",49.0551037539683,57,"Freirina","2018",223,7.94489624603172
"574",58.3346654035965,57.7,"Freirina","2018",224,-0.634665403596451
"575",55.6500040952381,57.46,"Freirina","2018",225,1.80999590476188
"576",52.1859457936507,51.3,"Freirina","2018",226,-0.885945793650734
"577",48.390990452381,38.4,"Freirina","2018",227,-9.99099045238101
"578",40.5324790714286,19,"Freirina","2018",228,-21.5324790714286
"579",50.8448478376623,38,"Freirina","2018",229,-12.8448478376623
"580",57.4730816428572,55,"Freirina","2018",230,-2.47308164285717
"581",61.0984075,55.5,"Freirina","2018",231,-5.59840749999998
"582",40.1188082857143,18.9,"Freirina","2018",232,-21.2188082857143
"583",87.8267387380953,109,"Freirina","2018",233,21.1732612619047
"584",87.0675797582973,84.3,"Freirina","2018",234,-2.76757975829729
"585",65.7955306031746,56,"Freirina","2018",235,-9.7955306031746
"586",55.4838569502164,42,"Freirina","2018",236,-13.4838569502164
"587",48.1208058412698,37.8,"Freirina","2018",237,-10.3208058412698
"588",49.5780867619048,54.7,"Freirina","2018",238,5.12191323809517
"589",49.1363171904762,38.9,"Freirina","2018",239,-10.2363171904762
"590",41.2148143333333,40.2,"Freirina","2018",240,-1.01481433333333
"591",49.0388365238095,40.7,"Freirina","2018",241,-8.33883652380952
"592",77.5643094294872,101.8,"Freirina","2018",242,24.2356905705128
"593",74.6812234603175,61.5,"Freirina","2018",243,-13.1812234603175
"594",54.8297212777778,47.4,"Freirina","2018",244,-7.42972127777781
"595",81.1033266634608,65,"Freirina","2018",245,-16.1033266634608
"596",62.9011971230158,61.1,"Freirina","2018",246,-1.80119712301583
"597",47.4199983181818,41.1,"Freirina","2018",247,-6.31999831818175
"598",48.2610410198413,40.73,"Freirina","2018",248,-7.53104101984127
"599",56.6369274007936,40.1,"Freirina","2018",251,-16.5369274007936
"600",46.6433562178932,34,"Freirina","2018",255,-12.6433562178932
"601",47.1973341753247,57.6,"Freirina","2018",256,10.4026658246753
"602",46.6713167893218,33,"Freirina","2018",258,-13.6713167893218
"603",72.607775857143,98.4,"Freirina","2018",260,25.792224142857
"604",105.723814515873,130.7,"Freirina","2018",261,24.9761854841271
"605",63.5661881969697,37.4,"Freirina","2018",262,-26.1661881969697
"606",79.7587089029304,66,"Freirina","2018",263,-13.7587089029304
"607",66.4348129285715,54.4,"Freirina","2018",264,-12.0348129285715
"608",54.9137865,35,"Freirina","2018",266,-19.9137865
"609",51.8222751904762,32,"Freirina","2018",267,-19.8222751904762
"610",66.0269165952381,54.7,"Freirina","2018",268,-11.3269165952381
"611",66.3563851428571,64,"Freirina","2018",269,-2.35638514285714
"612",71.9973272380952,67.1,"Freirina","2018",276,-4.89732723809519
"613",72.6655400714285,83.8,"Freirina","2018",277,11.1344599285715
"614",63.5509973095239,61.4,"Freirina","2018",280,-2.15099730952385
"615",79.2679755,102.3,"Freirina","2018",281,23.0320245
"616",99.1164625952381,118.1,"Freirina","2018",282,18.9835374047618
"617",96.9235235476191,90.5,"Freirina","2018",283,-6.42352354761914
"618",88.1941804087301,91,"Freirina","2018",284,2.80581959126988
"619",76.706055884005,85.7,"Freirina","2018",285,8.99394411599503
"620",66.3174555588236,36.2,"Freirina","2018",286,-30.1174555588236
"621",118.317023,181.6,"Freirina","2018",287,63.2829770000004
"622",110.406774666667,140,"Freirina","2018",288,29.5932253333333
"623",93.3669206666665,118.1,"Freirina","2018",289,24.7330793333335
"624",118.973292809524,149.5,"Freirina","2018",290,30.5267071904762
"625",126.086660621212,176,"Freirina","2018",291,49.9133393787879
"626",112.581732428571,116,"Freirina","2018",292,3.41826757142857
"627",106.748147842863,134.5,"Freirina","2018",293,27.7518521571367
"628",86.8431482250613,110.9,"Freirina","2018",294,24.0568517749387
"629",58.9293426010536,33.2,"Freirina","2018",295,-25.7293426010536
"630",49.3932676750472,36.9,"Freirina","2018",296,-12.4932676750472
"631",47.9405069880953,19.4,"Freirina","2018",298,-28.5405069880953
"632",77.600489,97.1,"Freirina","2018",299,19.499511
"633",47.0560971904762,18.4,"Freirina","2018",301,-28.6560971904762
"634",49.4936292142858,36.9,"Freirina","2018",302,-12.5936292142858
"635",48.6612182261905,36.4,"Freirina","2018",303,-12.2612182261905
"636",55.4151452142857,57.8,"Freirina","2018",304,2.38485478571425
"637",53.3259663333333,38.5,"Freirina","2018",305,-14.8259663333333
"638",77.1548712820512,98,"Freirina","2018",306,20.8451287179488
"639",42.7218129658032,19.6,"Freirina","2018",307,-23.1218129658032
"640",65.7867343680471,59,"Freirina","2018",308,-6.78673436804715
"641",50.2385562422578,18.4,"Freirina","2018",309,-31.8385562422578
"642",116.900847967532,147.6,"Freirina","2018",310,30.6991520324677
"643",111.533485566416,116.5,"Freirina","2018",311,4.96651443358391
"644",103.70971765873,118,"Freirina","2018",312,14.2902823412699
"645",85.9739511904762,68.5,"Freirina","2018",313,-17.4739511904762
"646",109.745216928571,126,"Freirina","2018",314,16.2547830714286
"647",86.4627063095238,62,"Freirina","2018",315,-24.4627063095238
"648",62.4293333293652,38.4,"Freirina","2018",316,-24.0293333293652
"649",64.3282444922927,57.7,"Freirina","2018",317,-6.62824449229265
"650",71.5506539949788,58,"Freirina","2018",318,-13.5506539949788
"651",74.399647409282,96,"Freirina","2018",319,21.600352590718
"652",63.0690409505495,61,"Freirina","2018",320,-2.06904095054946
"653",63.0834767380952,60.7,"Freirina","2018",321,-2.38347673809524
"654",63.0887222460318,60.4,"Freirina","2018",322,-2.6887222460318
"655",50.0447915482133,40.2,"Freirina","2018",323,-9.84479154821328
"656",43.3974661666666,20.1,"Freirina","2018",324,-23.2974661666666
"657",73.6293276190476,97,"Freirina","2018",325,23.3706723809524
"658",49.3722594304029,38,"Freirina","2018",326,-11.3722594304029
"659",77.4301816327941,77.6,"Freirina","2018",327,0.169818367205892
"660",78.0676947287157,95,"Freirina","2018",328,16.9323052712843
"661",74.8978751587302,97,"Freirina","2018",329,22.1021248412698
"662",59.4092785238095,51.3,"Freirina","2018",330,-8.10927852380946
"663",104.797952,136.8,"Freirina","2018",331,32.0020479999999
"664",72.3090143571429,95,"Freirina","2018",332,22.6909856428571
"665",82.5982377611833,107.9,"Freirina","2018",333,25.3017622388167
"666",76.9375064834055,38.6,"Freirina","2018",334,-38.3375064834055
"667",110.414521832723,135.2,"Freirina","2018",335,24.7854781672773
"668",95.0654827731575,134.5,"Freirina","2018",336,39.4345172268425
"669",107.734805839827,101.2,"Freirina","2018",337,-6.53480583982666
"670",98.317122452381,76.8,"Freirina","2018",338,-21.517122452381
"671",58.5179300454546,38.4,"Freirina","2018",340,-20.1179300454546
"672",49.0920155952381,38.8,"Freirina","2018",341,-10.2920155952381
"673",68.1884023196248,76.8,"Freirina","2018",342,8.61159768037524
"674",36.0819076904761,19.3,"Freirina","2018",346,-16.7819076904761
"675",45.9544817619047,18.8,"Freirina","2018",347,-27.1544817619047
"676",39.0336519444444,18.5,"Freirina","2018",348,-20.5336519444444
"677",44.0866331672772,38.6,"Freirina","2018",349,-5.48663316727717
"678",55.4216500726496,56.4,"Freirina","2018",350,0.978349927350443
"679",60.5259352991641,68.7,"Freirina","2018",353,8.17406470083586
"680",49.5488106802732,34.35,"Freirina","2018",354,-15.1988106802732
"681",62.3529324224387,57.6,"Freirina","2018",355,-4.75293242243867
"682",81.2670133354979,96,"Freirina","2018",356,14.7329866645021
"683",64.9431570119327,38.4,"Freirina","2018",357,-26.5431570119327
"684",83.4060845310246,92.3,"Freirina","2018",358,8.89391546897541
"685",111.367220214286,146.4,"Freirina","2018",359,35.0327797857141
"686",95.9268135096015,85.4,"Freirina","2018",360,-10.5268135096015
"687",74.7052466760461,98.3,"Freirina","2018",361,23.5947533239539
"688",82.8346613746254,110.8,"Freirina","2018",362,27.9653386253746
"689",68.8912614359782,85,"Freirina","2018",363,16.1087385640218
"690",76.3863618267015,96.9,"Freirina","2018",364,20.5136381732985
"691",77.1356360179952,92.3,"Freirina","2018",365,15.1643639820048
"692",60.6850146666666,54.3,"Freirina","2018",377,-6.38501466666662
"693",58.4083087881841,54.7,"Freirina","2018",384,-3.70830878818406
"694",55.601430234127,54.3,"Freirina","2018",386,-1.30143023412695
"695",56.1402551787178,54.9,"Freirina","2018",387,-1.24025517871784
"696",51.2702702137921,38.4,"Freirina","2018",388,-12.8702702137921
"697",114.324213245421,173,"Freirina","2018",389,58.6757867545788
"698",85.651137975916,109.8,"Freirina","2018",390,24.148862024084
"699",49.0776296828923,36.4,"Freirina","2018",392,-12.6776296828923
"700",42.6632228761739,22.12,"Freirina","2018",393,-20.5432228761739
"701",55.5395948070623,44.24,"Freirina","2018",394,-11.2995948070623
"702",64.0872790459125,66.36,"Freirina","2018",395,2.27272095408746
"703",63.1883930988455,52.35,"Freirina","2018",396,-10.8383930988455
"704",36.0795882500001,17.45,"Freirina","2018",397,-18.6295882500001
"705",55.2866121190477,34.9,"Freirina","2018",402,-20.3866121190477
"706",55.0347322128981,35.3,"Freirina","2018",403,-19.7347322128981
"707",40.6405423650794,35.6,"Freirina","2018",404,-5.04054236507944
"708",43.8170218571428,34.9,"Freirina","2018",405,-8.91702185714284
"709",73.8818371904762,79.2,"Freirina","2018",421,5.31816280952384
"710",45.4763811007325,17.96,"Freirina","2018",423,-27.5163811007325
"711",52.8907182777777,53.3,"Freirina","2018",424,0.409281722222275
"712",37.3779413412698,18,"Freirina","2018",425,-19.3779413412698
"713",52.4475955714285,35.92,"Freirina","2018",427,-16.5275955714285
"714",61.4561516234402,59.8,"Freirina","2018",428,-1.65615162344025
"715",49.7831640230754,39.9,"Freirina","2018",429,-9.88316402307535
"716",51.2074043669564,39.7,"Freirina","2018",430,-11.5074043669564
"717",91.6121160615077,144.2,"Freirina","2018",431,52.5878839384922
"718",57.5323078214286,41.2,"Freirina","2018",432,-16.3323078214286
"719",53.5595682395382,44,"Freirina","2018",433,-9.55956823953823
"720",59.0237837467533,43,"Freirina","2018",434,-16.0237837467533
"721",62.5022683889104,64,"Freirina","2018",436,1.49773161108959
"722",67.1874825873015,78.26,"Freirina","2018",438,11.0725174126985
"723",73.6602968888891,97.83,"Freirina","2018",439,24.1697031111109
"724",61.470470611111,67.1,"Freirina","2018",442,5.62952938888895
"725",63.6953944761905,59.9,"Freirina","2018",443,-3.79539447619052
"726",64.8828317597402,79.3,"Freirina","2018",445,14.4171682402598
"727",71.0918492777778,79.8,"Freirina","2018",446,8.70815072222223
"728",42.1334631060606,19.9,"Freirina","2018",447,-22.2334631060606
"729",59.6028888333333,65,"Freirina","2018",449,5.39711116666672
"730",57.0840312777778,48.7,"Freirina","2018",450,-8.38403127777782
"731",63.3795954841271,66,"Freirina","2018",451,2.62040451587295
"732",56.7899508394842,49.5,"Freirina","2018",452,-7.28995083948423
"733",68.9233721488307,85.2,"Freirina","2018",453,16.2766278511693
"734",46.1139735182041,35.9,"Freirina","2018",456,-10.2139735182041
"735",53.6056293774637,53.9,"Freirina","2018",457,0.294370622536292
"736",61.7385697103174,54,"Freirina","2018",458,-7.73856971031744
"737",56.9397011369261,54.3,"Freirina","2018",459,-2.63970113692613
"738",57.4648185826951,55,"Freirina","2018",460,-2.46481858269512
"739",57.382024547619,55.5,"Freirina","2018",461,-1.88202454761903
"740",58.4254297179487,56,"Freirina","2018",462,-2.42542971794872
"741",58.1274316370851,67,"Freirina","2018",463,8.87256836291485
"742",52.8532996361416,56,"Freirina","2018",464,3.14670036385836
"743",61.9074895805254,74.6,"Freirina","2018",465,12.6925104194746
"744",38.834846031302,18.6,"Freirina","2018",466,-20.234846031302
"745",35.1849388072419,18.7,"Freirina","2018",467,-16.4849388072419
"746",45.6250484227994,37.3,"Freirina","2018",468,-8.32504842279942
"747",47.5643392301588,41.4,"Freirina","2018",470,-6.16433923015877
"748",54.4512421243552,43,"Freirina","2018",471,-11.4512421243552
"749",48.3596982362638,42.8,"Freirina","2018",472,-5.55969823626377
"750",49.9897305611823,41.9,"Freirina","2018",473,-8.08973056118234
"751",50.6146025411255,42.6,"Freirina","2018",474,-8.01460254112553
"752",51.3870755613161,56,"Freirina","2018",475,4.61292443868388
"753",38.8674850258353,27.7,"Freirina","2018",476,-11.1674850258353
"754",59.7692075555555,73.3,"Freirina","2018",477,13.5307924444445
"755",39.1024419365079,19.1,"Freirina","2018",478,-20.0024419365079
"756",48.9976022399064,55,"Freirina","2018",479,6.00239776009355
"757",45.9370398333333,27.5,"Freirina","2018",480,-18.4370398333333
"758",47.5333069285714,54.5,"Freirina","2018",481,6.96669307142858
"759",39.0812110169655,36.3,"Freirina","2018",482,-2.7812110169655
"760",39.2881957945666,27.2,"Freirina","2018",483,-12.0881957945666
"761",52.9417786633531,54.8,"Freirina","2018",484,1.85822133664689
"762",53.0195847718464,54.7,"Freirina","2018",485,1.68041522815359
"763",53.841029169192,54,"Freirina","2018",486,0.15897083080803
"764",58.6645559285714,64,"Freirina","2018",487,5.33544407142859
"765",50.7033207142856,42.6,"Freirina","2018",488,-8.10332071428558
"766",58.7713447380953,67.2,"Freirina","2018",489,8.42865526190468
"767",57.9562583888889,62.5,"Freirina","2018",490,4.54374161111112
"768",57.848313,55.5,"Freirina","2018",491,-2.34831300000001
"769",63.6020024212453,65.8,"Freirina","2018",492,2.19799757875465
"770",64.2581211428571,69.2,"Freirina","2018",493,4.94187885714291
"771",110.992295629148,135.2,"Freirina","2018",494,24.2077043708515
"772",112.277543769841,144.2,"Freirina","2018",495,31.9224562301591
"773",103.507791880953,100,"Freirina","2018",496,-3.50779188095257
"774",62.3676581031746,56,"Freirina","2018",497,-6.36765810317463
"775",67.5102482301587,57,"Freirina","2018",498,-10.5102482301587
"776",45.3952276349206,33,"Freirina","2018",499,-12.3952276349206
"777",45.379345468254,34,"Freirina","2018",500,-11.379345468254
