ID Arbol,16-Sep,ene17,17-Sep,ene18,18-Sep,ene19,19-Sep,ene20
1,0.479166655,0.525191461,0.517025437,0.56947444,0.507015554,0.50786608,0.467801622,0.482960419
2,0.531443759,0.568764573,0.574306343,0.594343149,0.587761683,0.564008181,0.529364783,0.521613837
3,0.514298697,0.579992053,0.572838543,0.581342435,0.59277918,0.54838708,0.512016284,0.532690255
4,0.509417058,0.579642582,0.58166411,0.57667549,0.602137291,0.540709802,0.523922507,0.550139282
5,0.516262027,0.570050173,0.559683796,0.593866874,0.594311982,0.523019475,0.526717561,0.522651919
6,0.401923876,0.611837573,0.534830614,0.56919802,0.535245904,0.419432217,0.464025876,0.504593625
7,0.361034889,0.625081202,0.533987375,0.533675211,0.492492505,0.363892239,0.430740026,0.5651633
8,0.359813106,0.638432373,0.553116135,0.500000013,0.502894351,0.377201119,0.385708973,0.612238891
9,0.410237402,0.611669372,0.530141243,0.538567479,0.499669961,0.431215845,0.422875117,0.521808343
10,0.456513038,0.618060188,0.550177963,0.532100126,0.597792346,0.473732313,0.517411192,0.542688915
11,0.506702402,0.594431899,0.581552306,0.556804507,0.585803424,0.496332511,0.560172485,0.514541383
12,0.513513531,0.590661483,0.597674425,0.570407735,0.557894723,0.519699823,0.542296689,0.521954946
13,0.527306974,0.558333349,0.537156701,0.568210788,0.556328852,0.565709329,0.540124744,0.537164738
14,0.535531804,0.573116096,0.566015153,0.595276866,0.565105284,0.553154716,0.535439798,0.546493907
15,0.51769701,0.591235054,0.564620358,0.589616807,0.587102184,0.519716425,0.537662339,0.550246487
16,0.493482312,0.602654175,0.580908034,0.587848923,0.579884268,0.521434818,0.542980549,0.550841254
17,0.470370387,0.596755495,0.585660359,0.587096772,0.589256214,0.49108433,0.525167048,0.567704555
18,0.502299896,0.577649972,0.548900676,0.586404576,0.56429157,0.518094373,0.541966422,0.552631582
19,0.449907207,0.532414901,0.465245187,0.53436069,0.572622375,0.529991063,0.476491843,0.492187474
20,0.502338656,0.552058119,0.542393501,0.578816701,0.611377904,0.510777881,0.425327503,0.502363245
21,0.502278947,0.599525121,0.589082634,0.5989054,0.602352072,0.47761926,0.529711373,0.566240041
22,0.502278947,0.599525121,0.589082634,0.5989054,0.602352072,0.47761926,0.529711373,0.566240041
23,0.517663693,0.593393635,0.585156255,0.624140565,0.580897485,0.474559694,0.518229152,0.55604884
24,0.487940643,0.609549481,0.581983407,0.607751931,0.597540991,0.480037131,0.513490353,0.550415612
25,0.536231883,0.605889002,0.592886863,0.588828545,0.578004065,0.483486232,0.528877862,0.574319612
26,0.514938488,0.600753308,0.593258424,0.56439703,0.575878591,0.506874407,0.52124181,0.570870332
27,0.482939628,0.610011198,0.580140725,0.562602972,0.578988343,0.480193226,0.500406158,0.580792158
28,0.505480047,0.621973262,0.586101558,0.575954514,0.582711187,0.520260842,0.539056463,0.546316561
29,0.4020537,0.638461539,0.564065866,0.52669038,0.590309924,0.452015338,0.497981631,0.605590064
30,0.35271613,0.650419127,0.550105128,0.504964557,0.509618741,0.433124084,0.430581292,0.610791169
31,0.359813106,0.638432373,0.553116135,0.500000013,0.502894351,0.377201119,0.385708973,0.612238891
32,0.35280552,0.65453424,0.570247945,0.479757082,0.5293233,0.41519926,0.370415141,0.647159093
33,0.429577472,0.5985267,0.572277232,0.566378056,0.539867105,0.507136863,0.438240281,0.512263488
34,0.508001828,0.579890889,0.58170974,0.591911759,0.585093187,0.557700362,0.502546685,0.539009628
35,0.497115389,0.6,0.574043268,0.603330799,0.589527026,0.589353608,0.506528592,0.530402954
36,0.526364501,0.604900451,0.567783096,0.619654911,0.580008387,0.59575372,0.521032909,0.55068879
37,0.529567511,0.59744649,0.578746159,0.618795001,0.579166662,0.566835891,0.533466932,0.555634292
38,0.517271542,0.567375875,0.569444456,0.594512193,0.605817076,0.537537527,0.516430034,0.531440888
39,0.475022733,0.56790122,0.560629935,0.587745858,0.577453703,0.538326766,0.50370369,0.527836503
40,0.495964133,0.602649008,0.56750574,0.585401452,0.605035397,0.562947368,0.532573288,0.544905948
41,0.521553768,0.605473206,0.579952259,0.622304834,0.609336621,0.600649362,0.525525518,0.538628922
42,0.497115389,0.6,0.574043268,0.603330799,0.589527026,0.589353608,0.506528592,0.530402954
43,0.442234858,0.613914358,0.565833352,0.584666921,0.570298765,0.550227362,0.432809771,0.498746859
44,0.419552806,0.642112586,0.56885247,0.572774866,0.504737303,0.485239075,0.400774848,0.542011024
45,0.419847324,0.615246315,0.572062988,0.562455887,0.495153482,0.494949495,0.378064504,0.588556713
46,0.378757526,0.645641853,0.554419274,0.531025002,0.504459096,0.42618932,0.415558271,0.648409904
47,0.375148867,0.642767306,0.540935698,0.546370963,0.536377718,0.417831318,0.472383137,0.627149314
48,0.420821713,0.653761402,0.561764717,0.588315202,0.572571442,0.448146416,0.529661006,0.594663263
49,0.464238124,0.625312837,0.578947358,0.567447026,0.589020202,0.495652163,0.523531548,0.579939415
50,0.398859169,0.610728533,0.568803885,0.55463576,0.534979426,0.464886265,0.482911149,0.581538454
51,0.482939628,0.610011198,0.580140725,0.562602972,0.578988343,0.480193226,0.500406158,0.580792158
52,0.4949495,0.611500181,0.58430779,0.528493366,0.579446646,0.45761079,0.493670885,0.582938382
53,0.487106012,0.606120034,0.574265304,0.59404388,0.592684954,0.479768794,0.473548371,0.544996412
54,0.533819962,0.596394993,0.575974539,0.609717869,0.575832289,0.477597715,0.512864504,0.517897963
55,0.524752464,0.580761532,0.588258329,0.619347227,0.609555811,0.479050988,0.478771448,0.529761911
56,0.517782893,0.574284603,0.569549604,0.60354554,0.615615634,0.496676169,0.394927545,0.471698111
57,0.526339081,0.583174008,0.558148881,0.582912609,0.536114867,0.545937127,0.434591718,0.463564826
58,0.506660945,0.595768791,0.55076439,0.61334291,0.571185017,0.474039689,0.467922819,0.511964924
59,0.452554748,0.583806277,0.571753984,0.605391219,0.584102764,0.399346103,0.425898595,0.498025141
60,0.484154057,0.580786032,0.572512971,0.615717078,0.587736975,0.463753731,0.472979424,0.520759198
61,0.517343894,0.595210494,0.56676078,0.611239399,0.576774211,0.462025296,0.495010826,0.510248112
62,0.484515464,0.606811146,0.563981045,0.608999215,0.574611177,0.454463491,0.453832717,0.508860748
63,0.504124209,0.607498077,0.574332421,0.581433225,0.546331255,0.524253726,0.443569546,0.543022442
64,0.41382253,0.601982994,0.57238806,0.52090299,0.52695091,0.489608511,0.464138506,0.561263478
65,0.398859169,0.610728533,0.568803885,0.55463576,0.534979426,0.464886265,0.482911149,0.581538454
66,0.435803057,0.613861371,0.562984106,0.58867363,0.562871862,0.515181188,0.513556603,0.580498075
67,0.428092262,0.629968347,0.54078084,0.591892827,0.553852047,0.481921751,0.496983442,0.595966158
68,0.380340121,0.633744856,0.535291868,0.553371758,0.503482185,0.446310445,0.440650403,0.620006274
69,0.397557632,0.607900515,0.56752347,0.570000002,0.488568989,0.494736856,0.415711252,0.613049086
70,0.511718739,0.608009239,0.566775239,0.620598268,0.532985314,0.543370792,0.409326422,0.502505384
71,0.481979826,0.615562414,0.559393445,0.593950861,0.528632284,0.518599567,0.38652935,0.490790905
72,0.472292856,0.595951421,0.553798861,0.583640073,0.564126397,0.564882219,0.405864858,0.469625347
73,0.510183329,0.598894596,0.558080826,0.606158841,0.582446802,0.615866383,0.479840493,0.511111082
74,0.509379525,0.603975534,0.568082577,0.610658775,0.598991181,0.604928141,0.520860208,0.521441442
75,0.506785197,0.589051656,0.557729949,0.589705337,0.587663727,0.587436348,0.509933781,0.52109705
76,0.50738007,0.535417508,0.55127701,0.579107902,0.575441404,0.535897446,0.485903807,0.500693493
77,0.51544149,0.521607263,0.525135345,0.552395206,0.597647066,0.514356021,0.475383377,0.473501907
78,0.536959539,0.587077611,0.56760886,0.59954493,0.617575271,0.585466557,0.505254632,0.511888118
79,0.53519768,0.600299968,0.559935657,0.607209924,0.603208109,0.613034625,0.509795736,0.513167231
80,0.512428295,0.603013166,0.552941179,0.61324304,0.605645493,0.610539323,0.481722186,0.501264916
81,0.475999984,0.590945828,0.539236255,0.603531288,0.570102128,0.582039442,0.397704779,0.460339945
82,0.494969809,0.590538321,0.545182004,0.598710719,0.566172955,0.522178296,0.428940602,0.498487157
83,0.526794735,0.6,0.56887753,0.616804087,0.545665297,0.527111123,0.457749679,0.501340477
84,0.513846131,0.59811985,0.54997837,0.608695658,0.535665601,0.496026174,0.497532501,0.497895147
85,0.458076737,0.608024689,0.557660621,0.589225585,0.531305916,0.502713369,0.451067617,0.534294737
86,0.488636339,0.608678792,0.557507297,0.617994097,0.563106803,0.54124748,0.47936787,0.556678698
87,0.462176668,0.594237693,0.553608662,0.611702122,0.551293486,0.512588105,0.489478509,0.56740519
88,0.378703689,0.587560151,0.542272889,0.551615447,0.498532501,0.480594129,0.472006906,0.579278968
89,0.440178558,0.598160584,0.571051643,0.542880255,0.503534987,0.472609103,0.471682512,0.539835638
90,0.489668424,0.605067061,0.56867376,0.623538303,0.542494725,0.506363651,0.471052614,0.544460634
91,0.476047917,0.613653421,0.556182042,0.647270122,0.531578967,0.488536158,0.474067344,0.52318838
92,0.464234298,0.610798654,0.559080112,0.624495783,0.547071565,0.464317167,0.445116685,0.528223007
93,0.4865135,0.585023403,0.552795022,0.632930509,0.558498877,0.475875133,0.486374135,0.530772107
94,0.404473438,0.554240632,0.542168678,0.603850425,0.523893049,0.44220363,0.437220874,0.505486478
95,0.449645384,0.533244101,0.506297219,0.558306693,0.52669683,0.433114059,0.421077745,0.476562487
96,0.487839779,0.585803424,0.537704915,0.622612677,0.545916033,0.463081151,0.442704051,0.547075605
97,0.464234298,0.610798654,0.559080112,0.624495783,0.547071565,0.464317167,0.445116685,0.528223007
98,0.426788271,0.623740203,0.552470395,0.662393156,0.559617048,0.511324047,0.513217862,0.550091751
99,0.455992068,0.619479041,0.552653752,0.62044343,0.572224619,0.520585535,0.511312198,0.551598818
100,0.409132432,0.599425712,0.543166869,0.57105362,0.52292839,0.459900322,0.471781287,0.564738311
101,0.37005651,0.580374951,0.541052637,0.580893681,0.526100765,0.517688094,0.445096372,0.618246504
102,0.463876415,0.590499576,0.536727879,0.617791167,0.488174071,0.538242282,0.475125491,0.574654025
103,0.512171397,0.596448737,0.551695613,0.627300619,0.542857141,0.550593839,0.503603581,0.563354285
104,0.524414066,0.594583835,0.547250836,0.615832354,0.507299249,0.527536213,0.499571536,0.520599223
105,0.501486636,0.595357847,0.567018683,0.639442997,0.516791025,0.501283162,0.4762551,0.547212729
106,0.525590553,0.593502385,0.573135546,0.613766713,0.532918152,0.540329572,0.487044359,0.536731635
107,0.473684214,0.583843348,0.547738682,0.597428691,0.536363644,0.484123514,0.466280543,0.512923191
108,0.463461546,0.589008343,0.536006561,0.611111113,0.599512583,0.533080485,0.487727646,0.521241214
109,0.476510062,0.598194145,0.561403522,0.596537457,0.553697159,0.560878248,0.509730852,0.542795232
110,0.476510062,0.598194145,0.561403522,0.596537457,0.553697159,0.560878248,0.509730852,0.542795232
111,0.536058782,0.6010479,0.585023403,0.609848493,0.586846546,0.607101488,0.47873229,0.514647356
112,0.4890447,0.559073358,0.566365,0.581412921,0.609570836,0.565539965,0.474878426,0.496285832
113,0.487964997,0.545669287,0.542300193,0.570057579,0.563903963,0.554642555,0.433123713,0.478052125
114,0.521290903,0.598669623,0.58320375,0.611636366,0.599838316,0.614130442,0.454324024,0.530690983
115,0.456229727,0.60997069,0.567170278,0.564102573,0.563288387,0.573731814,0.440712269,0.546457819
116,0.457825454,0.589643009,0.544087767,0.605655933,0.551287269,0.577748565,0.476190447,0.544448406
117,0.459138198,0.581338741,0.553801424,0.619379849,0.516077188,0.562692474,0.436112269,0.543657912
118,0.459138198,0.581338741,0.553801424,0.619379849,0.516077188,0.562692474,0.436112269,0.543657912
119,0.38764303,0.619116582,0.572146991,0.641146724,0.525846724,0.539062505,0.484734411,0.546752313
120,0.508506619,0.595005861,0.574835516,0.627871939,0.499778267,0.549001817,0.501922248,0.55770662
121,0.516601579,0.597139451,0.567188797,0.616564423,0.562414874,0.571686208,0.515418517,0.555472247
122,0.508633429,0.608150468,0.564264641,0.623619038,0.507557263,0.573236867,0.45674583,0.578108007
123,0.502958584,0.608524052,0.5719149,0.619344776,0.505838388,0.6,0.420276504,0.604921396
124,0.404333806,0.593477439,0.553131316,0.567220529,0.550280542,0.516984654,0.461474041,0.601601589
125,0.404333806,0.593477439,0.553131316,0.567220529,0.550280542,0.516984654,0.461474041,0.601601589
126,0.443025545,0.61512028,0.562474744,0.660931905,0.565406329,0.552880479,0.5229277,0.564414904
127,0.404694831,0.628285814,0.543461237,0.665538251,0.537770512,0.48784721,0.473549486,0.538737434
128,0.4216738,0.495996243,0.425542174,0.531178882,0.480594129,0.489252833,0.422528302,0.455146765
129,0.41891893,0.460957174,0.451599155,0.533452292,0.438349296,0.520187785,0.440850283,0.450247818
130,0.424862718,0.54198471,0.495392695,0.590251327,0.509794567,0.450684258,0.451505004,0.465324395
131,0.47332353,0.604286265,0.54833535,0.644945408,0.570428691,0.534591187,0.510638288,0.551971325
132,0.47332353,0.604286265,0.54833535,0.644945408,0.570428691,0.534591187,0.510638288,0.551971325
133,0.468839893,0.605828228,0.575782205,0.587612071,0.551310527,0.562201974,0.431355172,0.605624136
134,0.468839893,0.605828228,0.575782205,0.587612071,0.551310527,0.562201974,0.431355172,0.605624136
135,0.528179554,0.596244114,0.57976336,0.643686506,0.568464746,0.591078063,0.457831318,0.580149951
136,0.561617135,0.597900675,0.571968108,0.636633298,0.544933057,0.563003825,0.460037192,0.573502042
137,0.545273656,0.582408545,0.567095983,0.631539058,0.564657161,0.54939341,0.495421219,0.557291653
138,0.476997578,0.601080242,0.583265645,0.638918933,0.558308423,0.565979832,0.492165545,0.566273673
139,0.38764303,0.619116582,0.572146991,0.641146724,0.525846724,0.539062505,0.484734411,0.546752313
140,0.44163426,0.601956346,0.56047562,0.575800221,0.555939524,0.499567849,0.483319065,0.544357711
141,0.492110449,0.600462769,0.556542798,0.588149227,0.549431326,0.543405688,0.480785646,0.561797754
142,0.470249526,0.607526872,0.555010219,0.591438217,0.549307978,0.588405798,0.423108926,0.563723785
143,0.456229727,0.60997069,0.567170278,0.564102573,0.563288387,0.573731814,0.440712269,0.546457819
144,0.454302282,0.595210494,0.577029716,0.612761274,0.593502385,0.539393951,0.446688238,0.534705283
145,0.454302282,0.595210494,0.577029716,0.612761274,0.593502385,0.539393951,0.446688238,0.534705283
146,0.464879852,0.557239718,0.534123423,0.591775695,0.528271395,0.529689348,0.409304284,0.475920668
147,0.44903846,0.549882163,0.550854344,0.574188564,0.528764811,0.478084407,0.409013619,0.472575382
148,0.454302282,0.595210494,0.577029716,0.612761274,0.593502385,0.539393951,0.446688238,0.534705283
149,0.476839234,0.600905312,0.575710399,0.591615477,0.571299637,0.508785648,0.430185626,0.549861514
150,0.50809718,0.602231979,0.561344535,0.615184212,0.610549446,0.569739958,0.458196716,0.568166108
151,0.502801825,0.597628442,0.562809903,0.60282684,0.575166299,0.567567565,0.488907853,0.580298297
152,0.480838006,0.613221882,0.57060757,0.609739604,0.540463614,0.536723154,0.488510626,0.556177796
153,0.483805657,0.613072875,0.569255385,0.628392488,0.536490672,0.52344416,0.479532168,0.548945005
154,0.512121201,0.588792421,0.540080971,0.617005799,0.522080078,0.484178594,0.501437365,0.559907083
155,0.525013185,0.586633683,0.558139518,0.623132903,0.539215694,0.427135645,0.494818645,0.53530435
156,0.528008318,0.596299399,0.560825639,0.627450978,0.5389948,0.431364227,0.449121381,0.515412207
157,0.437902029,0.600793664,0.563803178,0.635446685,0.557607756,0.505761854,0.448648643,0.568773229
158,0.402148489,0.605461717,0.586102709,0.608727269,0.570909087,0.517558529,0.469081267,0.606983906
159,0.393780093,0.628649016,0.576258998,0.560781481,0.554109031,0.49588566,0.442382395,0.567711798
160,0.455592913,0.595555546,0.542971904,0.602601157,0.547023298,0.522491352,0.45098037,0.512178624
161,0.427719838,0.574209269,0.515151518,0.614781618,0.523316054,0.528520484,0.44949736,0.48550982
162,0.423480098,0.499999973,0.446213233,0.573853977,0.470502213,0.516010486,0.404749879,0.460150359
163,0.462577958,0.53229401,0.466789663,0.583471065,0.506100549,0.536694956,0.426026718,0.462652432
164,0.425149701,0.575686284,0.534804765,0.595393465,0.546714326,0.515178971,0.431338028,0.528662431
165,0.376146783,0.602673599,0.569992264,0.589185148,0.550227362,0.517601049,0.451442484,0.582079567
166,0.366511636,0.605311695,0.577142856,0.617168572,0.569175292,0.497046403,0.483280224,0.601076352
167,0.471794872,0.596741338,0.55870967,0.61786408,0.533807822,0.515370729,0.437641724,0.565127483
168,0.522132797,0.604879957,0.576104732,0.643251182,0.49810527,0.482448241,0.426626323,0.524416141
169,0.52662149,0.612705712,0.576587795,0.587139203,0.497835493,0.517033187,0.49077786,0.538124791
170,0.524535492,0.608595557,0.556113909,0.594265221,0.543375401,0.521645949,0.485737227,0.55586789
171,0.500767257,0.602508816,0.581282771,0.63860829,0.596520289,0.596814774,0.550543009,0.592920366
172,0.516010486,0.601945692,0.57563024,0.62840691,0.582445683,0.598673302,0.534607227,0.577941175
173,0.487314993,0.606544286,0.562235384,0.615501511,0.55773518,0.561928513,0.512949033,0.56573427
174,0.492475358,0.596985319,0.5637417,0.587860617,0.547738682,0.517412921,0.465036292,0.555703361
175,0.438800202,0.592298963,0.577160498,0.58122205,0.463673447,0.524675315,0.403100764,0.516955034
176,0.426364069,0.560995194,0.559683796,0.593220337,0.48603354,0.479166642,0.431192661,0.470254955
177,0.456148494,0.525491776,0.538034881,0.555801103,0.493540047,0.432119195,0.40891388,0.483870968
178,0.459618228,0.606758833,0.582896328,0.594448726,0.512133902,0.577927551,0.431411528,0.471942467
179,0.431026269,0.63271162,0.600149759,0.599125371,0.508936179,0.573078474,0.460242863,0.510827133
180,0.469135792,0.620058577,0.60628742,0.610709104,0.556120277,0.603103311,0.506565865,0.544357711
181,0.495863722,0.604158934,0.585496188,0.594245678,0.509387754,0.548190124,0.456394201,0.534900039
182,0.552976777,0.596911191,0.584031952,0.635210738,0.579172006,0.547291836,0.560145809,0.57837098
183,0.552976777,0.596911191,0.584031952,0.635210738,0.579172006,0.547291836,0.560145809,0.57837098
184,0.503908274,0.604286265,0.581730771,0.643601197,0.573839647,0.592638034,0.57242511,0.581666054
185,0.507469862,0.608898458,0.594736843,0.639150119,0.521547914,0.548780494,0.519181592,0.576745821
186,0.514244343,0.60380952,0.592150832,0.655220261,0.522920189,0.563778851,0.471124641,0.538071076
187,0.542431732,0.600633925,0.57401316,0.644510825,0.540249693,0.591434698,0.477321825,0.512735322
188,0.542431732,0.600633925,0.57401316,0.644510825,0.540249693,0.591434698,0.477321825,0.512735322
189,0.408670255,0.577202909,0.552707744,0.612260538,0.567785223,0.541013016,0.463709679,0.544479049
190,0.427704765,0.526246125,0.464003712,0.56815439,0.521166492,0.526044089,0.382018066,0.417930149
191,0.467570194,0.571895411,0.470511138,0.585536534,0.586776855,0.55136083,0.430111977,0.468818775
192,0.513169865,0.60393046,0.539384244,0.624953862,0.614566287,0.550935538,0.472454122,0.53231661
193,0.515444025,0.619916379,0.568295488,0.648733077,0.597715228,0.549237741,0.48509934,0.556022417
194,0.455331425,0.625508827,0.60359737,0.6417534,0.605481722,0.5177079,0.516839923,0.566289146
195,0.466177226,0.618435962,0.586071985,0.618882321,0.592529711,0.561258289,0.530125682,0.549768084
196,0.52296451,0.598097494,0.582587466,0.650724633,0.603161402,0.560050572,0.54032258,0.583303343
197,0.548195755,0.592376494,0.583824114,0.643478264,0.537828951,0.533532673,0.505220882,0.592005522
198,0.517521579,0.594350724,0.576744185,0.624354238,0.57652173,0.579623274,0.496088936,0.558853968
199,0.469135792,0.620058577,0.60628742,0.610709104,0.556120277,0.603103311,0.506565865,0.544357711
200,0.463654232,0.616220125,0.600597226,0.607563325,0.590280672,0.594626633,0.474636266,0.534161465
201,0.510618651,0.602339177,0.589743596,0.617193247,0.57738342,0.568217047,0.435607597,0.498127322
202,0.387992822,0.566149297,0.532447221,0.544519346,0.489068807,0.430799241,0.382924768,0.469796319
203,0.366620448,0.560431672,0.523251277,0.467902971,0.533158798,0.451834858,0.411206887,0.487090023
204,0.421950134,0.605235949,0.580763563,0.586509288,0.623996962,0.504559263,0.416528898,0.530006724
205,0.469961265,0.60768673,0.58230769,0.607911183,0.619735258,0.558941457,0.441679609,0.547849274
206,0.481445317,0.62174238,0.588957074,0.600579908,0.608924955,0.59917011,0.48854336,0.555632112
207,0.528816986,0.60077974,0.569118844,0.618682998,0.576788828,0.600995454,0.429358542,0.524442958
208,0.512481619,0.600891855,0.587668591,0.62686566,0.56958868,0.55080214,0.473049083,0.540960951
209,0.527054099,0.612974567,0.584978706,0.63148351,0.616019818,0.539765835,0.497652601,0.549537179
210,0.47001933,0.61714492,0.5826598,0.611222436,0.60973723,0.562627497,0.520098431,0.568509199
211,0.51713862,0.608160123,0.563419481,0.635125444,0.59603175,0.578904342,0.505991496,0.59512837
212,0.481727584,0.560114905,0.468525579,0.594124484,0.598692278,0.555456978,0.450964624,0.544914146
213,0.529355127,0.584529505,0.524046433,0.614467118,0.597348803,0.582503235,0.460343416,0.58216124
214,0.502734939,0.606444184,0.578574231,0.602238799,0.595588234,0.581490586,0.505042039,0.606428348
215,0.50052685,0.602264144,0.58021713,0.609520274,0.595850258,0.555084769,0.528769419,0.562608991
216,0.466097667,0.599713072,0.578576478,0.591346151,0.630525121,0.517470899,0.486578448,0.548520292
217,0.466538284,0.598594022,0.590000001,0.607370657,0.623538886,0.548308193,0.430992743,0.519803737
218,0.532975088,0.616230568,0.574030072,0.621257488,0.622656881,0.590476171,0.381169305,0.523936191
219,0.519486916,0.613645077,0.579647755,0.592233012,0.614104598,0.571428567,0.406050921,0.568068889
220,0.431963484,0.608211546,0.560939788,0.543920057,0.615642456,0.532276775,0.471194183,0.560621081
221,0.369415821,0.590940299,0.551457019,0.503333328,0.628666912,0.492272024,0.435697571,0.567689814
222,0.398030965,0.543485974,0.491324936,0.539460866,0.490319671,0.4947839,0.383162245,0.487525289
223,0.398030965,0.543485974,0.491324936,0.539460866,0.490319671,0.4947839,0.383162245,0.487525289
224,0.445086728,0.564102558,0.550019163,0.550403911,0.605623105,0.525565789,0.45461752,0.518791952
225,0.43996065,0.577364482,0.564847058,0.551736232,0.596837955,0.514655164,0.50808312,0.556742327
226,0.496702154,0.600469101,0.575145651,0.588509873,0.573940835,0.547840812,0.531211264,0.545389534
227,0.487660427,0.61949121,0.565679583,0.599708344,0.621169918,0.575199985,0.468181802,0.540475389
228,0.440695311,0.589319292,0.560030398,0.605765777,0.629264592,0.525719257,0.516889238,0.55586789
229,0.435843053,0.540552374,0.514693541,0.555014198,0.633688856,0.525904204,0.489156592,0.519667165
230,0.456271839,0.593566089,0.553148812,0.574231749,0.60912613,0.540017596,0.487370595,0.56329344
231,0.484295854,0.577441072,0.528426617,0.555643569,0.59058427,0.573509934,0.441163879,0.544604322
232,0.493750001,0.584006456,0.543736282,0.612384393,0.586355786,0.576153162,0.550176053,0.539181303
233,0.520333666,0.604208821,0.568922303,0.603992012,0.572731224,0.555749898,0.552410451,0.531045129
234,0.520333666,0.604208821,0.568922303,0.603992012,0.572731224,0.555749898,0.552410451,0.531045129
235,0.485590004,0.589827727,0.557885528,0.583435848,0.583132532,0.535901938,0.514273155,0.529671945
236,0.480020767,0.567692287,0.553461715,0.552271872,0.580862007,0.472473287,0.487692935,0.4927279
237,0.538160442,0.57733175,0.56896553,0.575803982,0.533114155,0.507601346,0.511020412,0.497902102
238,0.550348943,0.604489171,0.578231282,0.627816636,0.548327988,0.526669671,0.550877197,0.499412461
239,0.550348943,0.604489171,0.578231282,0.627816636,0.548327988,0.526669671,0.550877197,0.499412461
240,0.493750001,0.584006456,0.543736282,0.612384393,0.586355786,0.576153162,0.550176053,0.539181303
241,0.533842243,0.586903795,0.548113615,0.61695322,0.566055045,0.581174429,0.539703898,0.501782194
242,0.554502391,0.614485098,0.573218494,0.600156192,0.546049758,0.602734216,0.578399992,0.52692308
243,0.554502391,0.614485098,0.573218494,0.600156192,0.546049758,0.602734216,0.578399992,0.52692308
244,0.485322913,0.565485352,0.578906242,0.531383724,0.554334021,0.557171714,0.491996636,0.505233773
245,0.389519649,0.513846159,0.523287679,0.481727575,0.409619878,0.501501513,0.400228048,0.487603293
246,0.525858126,0.595366786,0.575179004,0.588799403,0.565622353,0.579194366,0.531950192,0.559077804
247,0.503690031,0.594106802,0.577173498,0.585432011,0.586893406,0.575609755,0.562013908,0.569131843
248,0.536436282,0.576433125,0.549463643,0.572683695,0.601472996,0.579310354,0.562787122,0.546134663
249,0.536436282,0.576433125,0.549463643,0.572683695,0.601472996,0.579310354,0.562787122,0.546134663
250,0.503690031,0.594106802,0.577173498,0.585432011,0.586893406,0.575609755,0.562013908,0.569131843
251,0.533718687,0.574257408,0.567213122,0.600474668,0.556856178,0.588566826,0.468253964,0.513124783
252,0.533718687,0.574257408,0.567213122,0.600474668,0.556856178,0.588566826,0.468253964,0.513124783
253,0.475359347,0.565436232,0.549283904,0.569883852,0.572506296,0.571050319,0.52901314,0.534431142
254,0.493044819,0.5542857,0.472426475,0.547538198,0.574887147,0.563250242,0.488631496,0.520249216
255,0.488938051,0.552608327,0.51208792,0.581081063,0.520578927,0.586459275,0.510835907,0.504368561
256,0.488938051,0.552608327,0.51208792,0.581081063,0.520578927,0.586459275,0.510835907,0.504368561
257,0.488938051,0.552608327,0.51208792,0.581081063,0.520578927,0.586459275,0.510835907,0.504368561
258,0.488938051,0.552608327,0.51208792,0.581081063,0.520578927,0.586459275,0.510835907,0.504368561
259,0.493217587,0.547879322,0.481855766,0.579912661,0.526005863,0.583778957,0.46443515,0.504329901
260,0.493217587,0.547879322,0.481855766,0.579912661,0.526005863,0.583778957,0.46443515,0.504329901
261,0.44072659,0.536161619,0.439434125,0.601773189,0.442333183,0.467829878,0.341379318,0.472231579
262,0.424999997,0.494049918,0.415165493,0.505183161,0.449193545,0.464921835,0.358208952,0.423040312
263,0.382574414,0.446689876,0.33628974,0.416988426,0.417339444,0.437544116,0.359973792,0.379461493
264,0.40529009,0.484073938,0.377687612,0.490298496,0.445753764,0.457921763,0.354789255,0.431754847
265,0.475916903,0.489275581,0.418556707,0.517266693,0.496158515,0.491045417,0.428683065,0.446421806
266,0.475916903,0.489275581,0.418556707,0.517266693,0.496158515,0.491045417,0.428683065,0.446421806
267,0.480017179,0.490415337,0.455217771,0.579322628,0.517605629,0.532091108,0.459306982,0.431841842
268,0.47560033,0.518649393,0.512122367,0.586299538,0.456357391,0.470633119,0.433809822,0.44383728
269,0.47560033,0.518649393,0.512122367,0.586299538,0.456357391,0.470633119,0.433809822,0.44383728
270,0.480662977,0.494022367,0.519250757,0.594517019,0.44482016,0.547735181,0.466194261,0.480242282
271,0.536994423,0.480155654,0.527454224,0.591113957,0.428090265,0.500852359,0.454241839,0.46382189
272,0.496533801,0.551219509,0.478224821,0.581811109,0.490462049,0.495608536,0.395446885,0.460844469
273,0.496533801,0.551219509,0.478224821,0.581811109,0.490462049,0.495608536,0.395446885,0.460844469
274,0.417081587,0.604921396,0.391025662,0.587722358,0.46303766,0.554078989,0.514899522,0.385091262
275,0.284455618,0.567419171,0.283603622,0.527317367,0.394382024,0.628395065,0.461689587,0.272869032
276,0.423030295,0.5863284,0.518046712,0.62103843,0.425344171,0.5314203,0.366497485,0.408727744
277,0.423030295,0.5863284,0.518046712,0.62103843,0.425344171,0.5314203,0.366497485,0.408727744
278,0.472807006,0.563675844,0.556720334,0.611881192,0.48854265,0.39845559,0.336367097,0.548828114
279,0.497510177,0.538838908,0.521092814,0.57686568,0.444941072,0.464554475,0.377450957,0.478505994
280,0.417959573,0.530775373,0.513132108,0.559510567,0.425354487,0.44615385,0.335122692,0.513725491
281,0.418214769,0.52456418,0.51935606,0.544745654,0.43900343,0.425829647,0.353582588,0.501010093
282,0.49767875,0.539830184,0.522821584,0.601304821,0.494940177,0.45577154,0.378852903,0.463730559
283,0.49767875,0.539830184,0.522821584,0.601304821,0.494940177,0.45577154,0.378852903,0.463730559
284,0.459223288,0.535814336,0.511111122,0.571377211,0.483720932,0.433648399,0.364705869,0.483300588
285,0.413612555,0.515698589,0.510882469,0.550930994,0.435402312,0.477824911,0.335008362,0.510914046
286,0.427722774,0.536604993,0.512254904,0.577802779,0.364368836,0.449583026,0.294205576,0.549883971
287,0.474692198,0.502736501,0.457763465,0.538007364,0.424378311,0.364157729,0.303801904,0.487415608
288,0.479065219,0.528951496,0.508026053,0.555720657,0.380715247,0.396718866,0.32417808,0.463593836
289,0.446462708,0.551765184,0.517961578,0.571219882,0.362478807,0.414118516,0.293227391,0.535677698
290,0.466729579,0.566705554,0.580521486,0.648329408,0.425056917,0.543685617,0.40418549,0.53959876
291,0.452304883,0.53591606,0.571536156,0.622132246,0.463908454,0.542533077,0.393221724,0.558107165
292,0.463794704,0.549295755,0.54928517,0.626032364,0.447781283,0.519421147,0.3764906,0.53216783
293,0.463794704,0.549295755,0.54928517,0.626032364,0.447781283,0.519421147,0.3764906,0.53216783
294,0.481244288,0.548310142,0.54046797,0.596893742,0.462138587,0.481421665,0.313408045,0.520528903
295,0.418214769,0.52456418,0.51935606,0.544745654,0.43900343,0.425829647,0.353582588,0.501010093
296,0.395683481,0.51225117,0.489826673,0.549853833,0.414252875,0.403508786,0.364175575,0.564316732
297,0.395683481,0.51225117,0.489826673,0.549853833,0.414252875,0.403508786,0.364175575,0.564316732
298,0.460273971,0.540519873,0.535060966,0.598644065,0.449416348,0.445792896,0.347915767,0.551544609
299,0.472807006,0.563675844,0.556720334,0.611881192,0.48854265,0.39845559,0.336367097,0.548828114
300,0.368541027,0.63973593,0.576158932,0.614914078,0.435609306,0.414766919,0.333333333,0.571087226
301,0.414337789,0.623954487,0.546815189,0.649612411,0.402800688,0.522092618,0.38628944,0.521604936
302,0.359784273,0.61159227,0.564578234,0.561317858,0.38623409,0.422128255,0.296986105,0.579946599
303,0.432874372,0.592722164,0.535498478,0.593961826,0.450549466,0.457346869,0.371009192,0.587952566
304,0.406815303,0.585848063,0.564961352,0.58671138,0.47019276,0.425862709,0.317604378,0.570582758
305,0.447971753,0.547328241,0.533918596,0.58884566,0.449220608,0.460683067,0.379736416,0.567849682
306,0.442863687,0.542767066,0.48634325,0.565840924,0.451669595,0.412446848,0.41731602,0.567832165
307,0.462657633,0.543976679,0.485738272,0.537685047,0.4382117,0.448330697,0.362091471,0.574829932
308,0.466922341,0.560100164,0.511705689,0.565994042,0.496265559,0.465011311,0.39311517,0.562261515
309,0.462630068,0.550507108,0.505864534,0.595084082,0.444146553,0.462027669,0.357881675,0.554385945
310,0.502374156,0.56950672,0.573418225,0.653653648,0.513274329,0.549275367,0.424920134,0.564432072
311,0.494978465,0.581135082,0.575873995,0.661372096,0.500208946,0.54022989,0.445647804,0.552290996
312,0.469821326,0.572948324,0.540397898,0.642928796,0.503512896,0.505813943,0.400332207,0.53432412
313,0.478346447,0.577112562,0.557492734,0.650258184,0.43396226,0.487437189,0.410126584,0.545716325
314,0.471736895,0.564873412,0.550446997,0.631709904,0.474174039,0.45284974,0.391231044,0.522035139
315,0.477837336,0.57114703,0.577254915,0.654718848,0.567323466,0.562117396,0.41434602,0.565433863
316,0.487850462,0.568327965,0.567654126,0.630594522,0.577428933,0.50458069,0.433104617,0.564397905
317,0.466922341,0.560100164,0.511705689,0.565994042,0.496265559,0.465011311,0.39311517,0.562261515
318,0.505983701,0.55508113,0.52566823,0.588277876,0.473303154,0.41719391,0.383731186,0.572749066
319,0.505983701,0.55508113,0.52566823,0.588277876,0.473303154,0.41719391,0.383731186,0.572749066
320,0.488111887,0.556011504,0.513157895,0.601516724,0.507429103,0.405693972,0.405728939,0.577169871
321,0.499557898,0.562790692,0.537562618,0.626578067,0.508647464,0.487022923,0.442404027,0.565726079
322,0.499557898,0.562790692,0.537562618,0.626578067,0.508647464,0.487022923,0.442404027,0.565726079
323,0.432236015,0.589725802,0.543743071,0.568850902,0.488823257,0.430370393,0.370926383,0.582403576
324,0.396988921,0.568791352,0.547376094,0.540929925,0.424124503,0.417613617,0.317503393,0.538416242
325,0.411437629,0.577903689,0.535674689,0.551413902,0.443986809,0.41977872,0.36886393,0.486266205
326,0.422185455,0.588720785,0.555555565,0.582652426,0.451882857,0.392946224,0.347842114,0.576146199
327,0.499085933,0.558823524,0.544657088,0.625738679,0.516211609,0.416451509,0.383399193,0.567134249
328,0.499085933,0.558823524,0.544657088,0.625738679,0.516211609,0.416451509,0.383399193,0.567134249
329,0.488416073,0.548123976,0.520467813,0.586830202,0.44430846,0.360967172,0.336948086,0.596277273
330,0.483317429,0.558643218,0.540903536,0.605574903,0.442267595,0.405076874,0.322169068,0.584356825
331,0.47175574,0.543976679,0.542394535,0.607168452,0.485585585,0.446887844,0.393995397,0.549855481
332,0.473422775,0.531096541,0.574303409,0.639502752,0.526271888,0.493440231,0.394145076,0.561546652
333,0.452991454,0.557464225,0.57573445,0.657162249,0.55455661,0.527653236,0.427762069,0.558097955
334,0.452991454,0.557464225,0.57573445,0.657162249,0.55455661,0.527653236,0.427762069,0.558097955
335,0.46131246,0.58170445,0.560295336,0.632911384,0.41551248,0.464714704,0.369839924,0.528988138
336,0.423022256,0.540769213,0.481182786,0.58222859,0.361917915,0.4238742,0.345991566,0.474216384
337,0.46131246,0.58170445,0.560295336,0.632911384,0.41551248,0.464714704,0.369839924,0.528988138
338,0.465718635,0.582822087,0.57247559,0.659986185,0.507234737,0.510971797,0.410569121,0.537854322
339,0.478478477,0.57415337,0.573905839,0.667522443,0.479396166,0.479381465,0.409390462,0.556094203
340,0.45572787,0.567058827,0.560209423,0.630738527,0.455914919,0.42581334,0.352396961,0.546054896
341,0.492482916,0.572146991,0.565085387,0.626855593,0.431192654,0.477367805,0.329297833,0.545392483
342,0.53045094,0.568581481,0.540357862,0.616248348,0.368421065,0.471522659,0.338976195,0.572254331
343,0.491308341,0.56422888,0.519553091,0.626986712,0.438983029,0.429445497,0.33687807,0.561040671
344,0.422185455,0.588720785,0.555555565,0.582652426,0.451882857,0.392946224,0.347842114,0.576146199
345,0.414670662,0.585976629,0.550102259,0.55925808,0.486885238,0.409409405,0.335875225,0.459295251
346,0.442457227,0.516039063,0.4640614,0.521915259,0.461087863,0.49105365,0.34882082,0.398477155
347,0.361747086,0.579120176,0.507310876,0.485427114,0.470003998,0.362530424,0.288101602,0.497457364
348,0.400306777,0.590020221,0.506084476,0.587988384,0.496548941,0.401985104,0.345095261,0.490930696
349,0.360320919,0.603097768,0.538664015,0.576899704,0.435398242,0.32840875,0.220177675,0.544827576
350,0.318952259,0.611320741,0.529999987,0.51223934,0.371984789,0.316472086,0.254294373,0.585798823
351,0.318952259,0.611320741,0.529999987,0.51223934,0.371984789,0.316472086,0.254294373,0.585798823
352,0.333861395,0.570057589,0.493927098,0.448336258,0.343856664,0.314947252,0.231743916,0.612121228
353,0.440292479,0.541049803,0.533703936,0.534124631,0.514855531,0.344262314,0.276656029,0.595443328
354,0.460453169,0.553213893,0.568010944,0.588037819,0.514057906,0.392613811,0.329258945,0.582873824
355,0.460302877,0.560490038,0.597993559,0.606957574,0.523809524,0.458646645,0.360482665,0.574999999
356,0.414233586,0.583425829,0.591292134,0.670924563,0.423499591,0.457602865,0.38699185,0.543262403
357,0.421874994,0.592901111,0.600844787,0.67227148,0.508051531,0.460973053,0.432715554,0.571173744
358,0.454458762,0.580461954,0.586617118,0.671162492,0.512520855,0.435768246,0.369261451,0.557147976
359,0.426270758,0.575971723,0.579150595,0.661848746,0.472803339,0.463886847,0.365573787,0.541172253
360,0.47264661,0.593566089,0.576434338,0.632407087,0.538658672,0.542031207,0.390313384,0.526257825
361,0.355163721,0.547985341,0.519068641,0.567819159,0.447869469,0.470648818,0.365015995,0.511187604
362,0.41906694,0.519251534,0.47705359,0.54455446,0.452115808,0.421875011,0.361450538,0.509638146
363,0.325368363,0.582304534,0.572492023,0.590407057,0.522966712,0.430774404,0.40878514,0.553540269
364,0.386050653,0.581273404,0.588892901,0.650349667,0.457142846,0.467050781,0.421159298,0.555711801
365,0.385227776,0.574246379,0.6,0.670209546,0.42857142,0.464996313,0.401581043,0.575101511
366,0.39590747,0.57201339,0.6025469,0.643036404,0.48166061,0.461648749,0.386169355,0.566018398
367,0.448669218,0.559322026,0.601188264,0.621621605,0.497622128,0.544274798,0.36381869,0.542594553
368,0.464920485,0.548235307,0.579425126,0.582119199,0.492454334,0.478396245,0.345252289,0.551972541
369,0.429580582,0.552974284,0.555872899,0.520640805,0.401854093,0.38964378,0.321928461,0.57193895
370,0.376470609,0.542570975,0.526970934,0.47168691,0.408439173,0.311989078,0.268170427,0.603830035
371,0.390016915,0.579055434,0.534356748,0.488095246,0.361373396,0.382286147,0.243262166,0.591752579
372,0.346641071,0.610205971,0.533137424,0.512426036,0.346833234,0.302830816,0.246148793,0.582359811
373,0.346641071,0.610205971,0.533137424,0.512426036,0.346833234,0.302830816,0.246148793,0.582359811
374,0.281036832,0.618334339,0.547575171,0.504491463,0.335296584,0.264128507,0.211124412,0.591588291
375,0.26548674,0.608682343,0.537295339,0.49577465,0.326800145,0.270414194,0.199999983,0.581674375
376,0.226211847,0.512210788,0.538153786,0.316675735,0.267921511,0.266666643,0.207621195,0.521951246
377,0.231268224,0.567924529,0.557407403,0.403062703,0.269151998,0.263444095,0.205640449,0.559050786
378,0.255138214,0.599753311,0.557772766,0.450060174,0.301143587,0.249140359,0.197951173,0.576222968
379,0.350527569,0.601665056,0.54823369,0.451979133,0.353833164,0.308650771,0.223365436,0.590058468
380,0.446262695,0.588981523,0.542723354,0.532587227,0.412939656,0.450531478,0.291521511,0.568831184
381,0.446262695,0.588981523,0.542723354,0.532587227,0.412939656,0.450531478,0.291521511,0.568831184
382,0.399036379,0.541414885,0.532064839,0.496357322,0.384223936,0.3756654,0.253588523,0.584964298
383,0.447117577,0.538121533,0.55959301,0.542076853,0.437165221,0.404687504,0.337213803,0.578599727
384,0.487918201,0.547422277,0.567754322,0.601585736,0.528373254,0.461111104,0.421008427,0.57300277
385,0.470961895,0.562662688,0.591483226,0.629777324,0.52749141,0.522197124,0.447043834,0.575190589
386,0.429113343,0.569727229,0.593061089,0.60878112,0.453118522,0.537098529,0.399444679,0.565277287
387,0.41406253,0.589236255,0.567631912,0.642999332,0.439834012,0.56703381,0.443931113,0.571878283
388,0.388032618,0.584977255,0.54485946,0.624372274,0.489684201,0.542001437,0.4293948,0.556653748
389,0.324528303,0.548179889,0.488983365,0.488244258,0.446318382,0.420783637,0.355481699,0.511673144
390,0.404309237,0.5733945,0.543331997,0.508953166,0.438087793,0.561389952,0.372284633,0.544320885
391,0.325914182,0.575997126,0.5394785,0.546710545,0.44029546,0.486326698,0.362872391,0.555851069
392,0.388032618,0.584977255,0.54485946,0.624372274,0.489684201,0.542001437,0.4293948,0.556653748
393,0.472868243,0.597186224,0.588213354,0.608618861,0.522655899,0.546345152,0.478855174,0.580702388
394,0.46463245,0.571961238,0.589181278,0.616750423,0.503713394,0.550054605,0.466830486,0.589796614
395,0.40336132,0.575081031,0.576680286,0.617842881,0.540869576,0.501519768,0.475353603,0.567284154
396,0.458728008,0.579144791,0.562130171,0.606479928,0.534644985,0.514672697,0.467906163,0.575779028
397,0.442176845,0.559537146,0.55423595,0.580901869,0.455223881,0.478061793,0.435173284,0.57344632
398,0.472234199,0.56754798,0.555723454,0.623033154,0.544468564,0.487475919,0.425087105,0.548948512
399,0.492872586,0.564684666,0.553564779,0.582543965,0.502786128,0.46434233,0.360899226,0.5694536
400,0.369469926,0.545017175,0.529866487,0.469014568,0.402653,0.331905793,0.289034103,0.500781961
401,0.364429274,0.512315256,0.493967087,0.445783124,0.336708876,0.393321619,0.268359634,0.432490109
402,0.301492554,0.571616284,0.559633048,0.411038954,0.324474903,0.279346714,0.207500015,0.553504493
403,0.395292207,0.561747514,0.543440016,0.458556145,0.382527555,0.321266952,0.246546967,0.591561673
404,0.492872586,0.564684666,0.553564779,0.582543965,0.502786128,0.46434233,0.360899226,0.5694536
405,0.446262695,0.588981523,0.542723354,0.532587227,0.412939656,0.450531478,0.291521511,0.568831184
406,0.467830895,0.564553085,0.542045012,0.57233544,0.430206976,0.472302,0.361238986,0.552640887
407,0.442176845,0.559537146,0.55423595,0.580901869,0.455223881,0.478061793,0.435173284,0.57344632
408,0.368228412,0.491341262,0.513999314,0.491333323,0.411863688,0.417469283,0.278897863,0.388604138
409,0.428337451,0.561891514,0.574732486,0.537091965,0.520066199,0.394945297,0.377061735,0.562901158
410,0.421480915,0.566794558,0.580972358,0.60788177,0.530947352,0.433975998,0.408245739,0.579439242
411,0.408597826,0.564147628,0.543087641,0.595837539,0.56316918,0.470739771,0.405625775,0.562784185
412,0.416082482,0.574647878,0.564392541,0.591769,0.571676788,0.487292822,0.431637487,0.571908607
413,0.399999994,0.580999662,0.582273887,0.590818347,0.544686546,0.487481598,0.460252749,0.572055338
414,0.391122259,0.591188156,0.586435692,0.604643449,0.533532673,0.529889323,0.464184507,0.582028591
415,0.399655438,0.605844611,0.58623243,0.57324187,0.534520194,0.529020342,0.478843729,0.575215137
416,0.439613536,0.602378294,0.577794027,0.593232053,0.504685388,0.530402954,0.476369693,0.55909413
417,0.397756707,0.583139975,0.578442217,0.566782002,0.431380934,0.542037981,0.440167347,0.551711948
418,0.490124028,0.571201284,0.583525785,0.589466105,0.51307846,0.59028831,0.479486124,0.560854088
419,0.470615047,0.56888169,0.563414646,0.558888078,0.489943694,0.590052145,0.458515276,0.548899309
420,0.470615047,0.56888169,0.563414646,0.558888078,0.489943694,0.590052145,0.458515276,0.548899309
421,0.533718687,0.574257408,0.567213122,0.600474668,0.556856178,0.588566826,0.468253964,0.513124783
422,0.529243928,0.58107561,0.57247559,0.615156009,0.548204911,0.610440194,0.459275064,0.557179388
423,0.502772621,0.569952318,0.585886018,0.605907795,0.590815924,0.591373429,0.481541588,0.559770917
424,0.439393961,0.58518519,0.57923285,0.573735949,0.523280646,0.552272731,0.453295615,0.561281325
425,0.401581352,0.610810801,0.573600292,0.534741136,0.518843104,0.52867185,0.461538436,0.554722113
426,0.450110862,0.609144544,0.584736238,0.584212334,0.572925748,0.545621102,0.484223835,0.574324312
427,0.457317073,0.588778155,0.590875643,0.599725364,0.552175745,0.538233128,0.465004014,0.583361287
428,0.408640482,0.593608887,0.574174822,0.583660146,0.526835542,0.500736362,0.416935458,0.572545023
429,0.402766481,0.575821112,0.557917898,0.589644011,0.509787226,0.479985586,0.448194661,0.579220776
430,0.416867486,0.578655568,0.559369528,0.606686348,0.465254234,0.436117028,0.406917967,0.572989092
431,0.392164596,0.573489013,0.575060947,0.579831932,0.467906163,0.407063868,0.387802962,0.569181356
432,0.397824407,0.565607728,0.567108403,0.505134163,0.45652175,0.409989234,0.328514627,0.546423137
433,0.368812812,0.586341446,0.557107932,0.554461935,0.467677211,0.400273203,0.364083171,0.560089265
434,0.394180951,0.596281537,0.568971823,0.577859289,0.485333325,0.430698325,0.391337994,0.578676946
435,0.422587272,0.573816148,0.576401628,0.602324081,0.555093564,0.496513757,0.448330697,0.585756281
436,0.434709347,0.57936225,0.580466148,0.618922478,0.542043981,0.537711065,0.474569486,0.592131151
437,0.446773533,0.593061089,0.596849277,0.611018907,0.546117528,0.557848206,0.461292881,0.593864617
438,0.444306402,0.599854754,0.595481808,0.616275223,0.551959113,0.505192911,0.465606387,0.584717607
439,0.462970985,0.59806116,0.586308416,0.604454939,0.577416596,0.537435137,0.477086736,0.589760623
440,0.443396212,0.621503811,0.594594593,0.551569531,0.54039498,0.550462107,0.458609295,0.554016606
441,0.463963941,0.60384615,0.578866165,0.591534396,0.550235142,0.545897341,0.4387796,0.563185829
442,0.478180973,0.581668642,0.577960141,0.595196026,0.581108828,0.563938156,0.471528084,0.558224172
443,0.531757047,0.572235685,0.569131837,0.629043851,0.584265016,0.611859833,0.463414622,0.564935074
444,0.506284568,0.563451763,0.549958021,0.623574136,0.54146343,0.597686892,0.457851251,0.502923944
445,0.499748379,0.558649793,0.525764213,0.609152287,0.572755405,0.590595851,0.491969551,0.521316364
446,0.506578962,0.560031603,0.55865462,0.604078768,0.589359927,0.580181546,0.48210525,0.558985673
447,0.454705368,0.589403957,0.581306992,0.582122094,0.57306226,0.554281346,0.469608656,0.565722589
448,0.441253275,0.610340948,0.588562947,0.588771928,0.55773518,0.562429288,0.457402816,0.575542114
449,0.438350141,0.606716398,0.596445767,0.591963985,0.573656865,0.553239024,0.47017104,0.579831946
450,0.468897479,0.602078706,0.595342075,0.591083262,0.561373375,0.541619997,0.493732293,0.592273211
451,0.463883101,0.596330279,0.59828141,0.600820226,0.563227976,0.549549569,0.483091801,0.592100771
452,0.479353699,0.577399367,0.578866776,0.621981095,0.564474817,0.571483924,0.528885283,0.606513784
453,0.486363634,0.581954895,0.582722721,0.619829069,0.572506296,0.558604469,0.520866775,0.597904391
454,0.451203492,0.588489207,0.579310337,0.60617243,0.545184564,0.518434903,0.462211626,0.581288821
455,0.387462215,0.550449547,0.5663685,0.554013865,0.494496167,0.447115399,0.375231064,0.555555545
456,0.389759653,0.4829932,0.489424848,0.575119615,0.50984332,0.490671031,0.341028323,0.432865073
457,0.441419166,0.575571491,0.572524677,0.585092351,0.56572868,0.479509637,0.470266063,0.58379254
458,0.496021227,0.588447651,0.580015024,0.608226566,0.579746819,0.544117642,0.542948474,0.606472486
459,0.479353699,0.577399367,0.578866776,0.621981095,0.564474817,0.571483924,0.528885283,0.606513784
460,0.45895852,0.585394592,0.582991422,0.608040209,0.561181432,0.536490672,0.529079163,0.60108181
461,0.452148005,0.607434937,0.584961307,0.592356685,0.56491831,0.537414966,0.514205684,0.595041321
462,0.451598771,0.605341248,0.592827805,0.590766013,0.562711866,0.545182979,0.477528098,0.585848063
463,0.445235987,0.592818938,0.574095231,0.579509085,0.552470395,0.516978256,0.494391005,0.583508049
464,0.385143862,0.5286573,0.518003274,0.544674791,0.552276557,0.464856231,0.476249482,0.552313165
465,0.499301989,0.552192473,0.560581591,0.587651609,0.581533239,0.550604227,0.479578938,0.551864155
466,0.366184421,0.521578296,0.457179399,0.517668462,0.466900477,0.473272466,0.410300412,0.556104461
467,0.417710593,0.58290346,0.550114766,0.553126089,0.508225102,0.489441949,0.505197485,0.582813602
468,0.434056765,0.605593412,0.583922584,0.5922264,0.548951046,0.531757743,0.495948135,0.589513612
469,0.422696737,0.623629289,0.586158189,0.566596174,0.550967732,0.513211776,0.480880656,0.584673287
470,0.418858761,0.612296578,0.587115666,0.585313184,0.564297801,0.520825677,0.510739839,0.585699963
471,0.460664321,0.595776791,0.573770503,0.625615777,0.578678034,0.549870241,0.543760145,0.601821723
472,0.438831909,0.564681698,0.566084787,0.582222205,0.58664048,0.474576275,0.468999648,0.578075197
473,0.415746843,0.551447494,0.537269344,0.574037823,0.533901738,0.511756562,0.401896425,0.497769278
474,0.443719417,0.578102188,0.589031345,0.614987956,0.572183804,0.49813573,0.471931863,0.58679308
475,0.419120625,0.586854453,0.598864042,0.571683936,0.551959113,0.506973258,0.474786663,0.575154415
476,0.418411683,0.605613539,0.590680995,0.556168136,0.5233205,0.501869848,0.483995359,0.582650285
477,0.423107545,0.606923919,0.58276482,0.575547065,0.562472209,0.536744908,0.457994575,0.588295343
478,0.411428594,0.576033372,0.562477097,0.552061517,0.514001808,0.510590011,0.453045183,0.578838187
479,0.405501318,0.541943054,0.459660733,0.524412981,0.417011494,0.545384631,0.417783208,0.558227402
480,0.460916441,0.570137534,0.544914906,0.596194502,0.478714182,0.546923097,0.514879733,0.580578512
481,0.460916441,0.570137534,0.544914906,0.596194502,0.478714182,0.546923097,0.514879733,0.580578512
482,0.437579879,0.594452769,0.581075924,0.564121031,0.550911508,0.526980476,0.479922035,0.580545015
483,0.437579879,0.594452769,0.581075924,0.564121031,0.550911508,0.526980476,0.479922035,0.580545015
484,0.419354815,0.590551178,0.566176468,0.572033888,0.534761714,0.475150574,0.476350109,0.575347092
485,0.447133747,0.575494081,0.572022684,0.576427252,0.552688166,0.50769232,0.452631577,0.582469055
486,0.457868909,0.567524745,0.557951482,0.567587202,0.552410451,0.550345895,0.503729883,0.601895726
487,0.438030557,0.567041198,0.532063746,0.575736804,0.571803845,0.558395472,0.511041006,0.578056206
488,0.454368929,0.534580969,0.464837061,0.588061897,0.414237953,0.569319133,0.446475165,0.571981683
489,0.442708333,0.534630357,0.459459424,0.54800282,0.558364938,0.577912263,0.46299213,0.580858077
490,0.473145794,0.553311799,0.503415017,0.585159012,0.551784147,0.556495001,0.487040645,0.569767439
491,0.457277813,0.554918053,0.547169802,0.601885413,0.55881154,0.540211841,0.493063389,0.534743178
492,0.490282669,0.498494622,0.454849481,0.574581431,0.515098463,0.58000001,0.482408125,0.521146472
493,0.363514096,0.516577529,0.490115299,0.568947907,0.437586997,0.491622094,0.378800324,0.504028024
494,0.485825989,0.58486149,0.572928803,0.638034653,0.492106451,0.531345563,0.4055625,0.534967571
495,0.428139186,0.572154888,0.586646659,0.665569447,0.489626543,0.47192263,0.364540175,0.529920688
496,0.464486447,0.574921134,0.581719588,0.672285906,0.51884059,0.46380499,0.41240114,0.535871163
497,0.44916469,0.580466148,0.593738626,0.681887832,0.490987124,0.482622715,0.427876812,0.558131369
498,0.414233586,0.583425829,0.591292134,0.670924563,0.423499591,0.457602865,0.38699185,0.543262403
499,0.495487372,0.579103371,0.59397418,0.646398508,0.497524764,0.482386795,0.395501019,0.559730586
500,0.495487372,0.579103371,0.59397418,0.646398508,0.497524764,0.482386795,0.395501019,0.559730586
501,0.518679402,0.578568862,0.580937989,0.648613796,0.487179482,0.470416364,0.395850608,0.57006152
502,0.481481477,0.566523593,0.536882124,0.605633805,0.494223385,0.43339316,0.329562605,0.568062833
503,0.400472071,0.568653275,0.558204773,0.584086818,0.445772834,0.374789916,0.284371736,0.572557704
504,0.364048333,0.589606931,0.529877861,0.521537015,0.448556333,0.329733384,0.295678808,0.544902883
505,0.364048333,0.589606931,0.529877861,0.521537015,0.448556333,0.329733384,0.295678808,0.544902883
,0.456528639,0.580362355,0.552216351,0.587677262,0.521502385,0.501921178,0.438208194,0.543404653
