ID arbol,16-Sep,ene17,17-Sep,ene18,18-Sep,ene19,19-Sep,ene20
1,0.233108103,0.261261851,0.262276649,0.305091292,0.262603104,0.252507031,0.24616982,0.266223907
2,0.248002216,0.289939284,0.29701218,0.31163004,0.292624265,0.277837485,0.264894068,0.279320985
3,0.235943362,0.291461617,0.288928717,0.301099896,0.28691411,0.258705765,0.252917498,0.286767542
4,0.235684663,0.295484543,0.298183262,0.298979193,0.295641065,0.262677461,0.263979286,0.301067084
5,0.235347345,0.291858792,0.28207171,0.310398757,0.288391262,0.255228698,0.262585133,0.275891125
6,0.195034504,0.337338716,0.276320964,0.307751358,0.263306439,0.209772021,0.230398715,0.273563206
7,0.182955906,0.357266635,0.291061878,0.295457423,0.256784976,0.181314275,0.222986251,0.331771135
8,0.183139548,0.371141613,0.299463183,0.273385882,0.268547148,0.170578375,0.201550916,0.371651381
9,0.215566531,0.350092769,0.292104274,0.29681173,0.282814443,0.208418071,0.230754539,0.301989913
10,0.227951974,0.346933663,0.296927035,0.283679277,0.329092294,0.216372237,0.281333685,0.308861852
11,0.235009655,0.30948028,0.303443313,0.277733296,0.297858268,0.216110706,0.283869684,0.269461066
12,0.242253914,0.300792605,0.305145115,0.275850385,0.276706815,0.233034223,0.267288834,0.269129813
13,0.235822573,0.271621644,0.266853929,0.272745818,0.262844235,0.267196506,0.263133019,0.276346892
14,0.241786659,0.283098608,0.283535361,0.294125527,0.269209772,0.26251027,0.256197214,0.282135367
15,0.231141999,0.296404779,0.280497581,0.289013058,0.284650803,0.242455557,0.254856348,0.284994096
16,0.22243984,0.306268185,0.296357393,0.28886497,0.269697785,0.245402128,0.257758021,0.292086899
17,0.21284917,0.305376202,0.304313719,0.291978598,0.288274944,0.216042399,0.244099393,0.303014696
18,0.228324488,0.283696532,0.284367621,0.288632095,0.277747929,0.23618266,0.271127701,0.29838711
19,0.203325868,0.263926089,0.222804621,0.260032445,0.287302017,0.24550733,0.219217956,0.26599282
20,0.225693479,0.274404943,0.268653721,0.282931089,0.322109759,0.229184195,0.200411528,0.280331552
21,0.229774818,0.301913112,0.305184603,0.304048687,0.318417311,0.207095116,0.254486144,0.311177284
22,0.229774818,0.301913112,0.305184603,0.304048687,0.318417311,0.207095116,0.254486144,0.311177284
23,0.231433392,0.300079554,0.297222227,0.321737975,0.284897029,0.206558779,0.245208099,0.292678177
24,0.220514268,0.312557608,0.293387353,0.310290217,0.293951631,0.216801792,0.245194271,0.294129014
25,0.246392891,0.314747006,0.307536304,0.300475061,0.285513073,0.220194981,0.259024769,0.31388253
26,0.241616264,0.312540829,0.309778363,0.277493924,0.288246274,0.230994135,0.25698173,0.308445305
27,0.227285191,0.319069952,0.294522345,0.27584815,0.294848084,0.210891083,0.247654781,0.316503257
28,0.237536058,0.332367718,0.302204996,0.285044223,0.294831008,0.234434038,0.275639325,0.290235072
29,0.202734992,0.367980301,0.303310245,0.284250945,0.318368107,0.199463576,0.263495147,0.355839431
30,0.181639075,0.382252783,0.299847215,0.273145795,0.278088808,0.190284252,0.226529032,0.364200532
31,0.183139548,0.371141613,0.299463183,0.273385882,0.268547148,0.170578375,0.201550916,0.371651381
32,0.181136534,0.386192679,0.30585894,0.267830223,0.275718004,0.187761948,0.184266806,0.401056349
33,0.201320142,0.315942973,0.288039863,0.303010792,0.263228923,0.245461941,0.211026624,0.27922079
34,0.231876999,0.29500398,0.29201597,0.312823832,0.285839528,0.27001217,0.241435558,0.290700674
35,0.219067797,0.300798923,0.279578596,0.312876195,0.28420195,0.284036905,0.233693391,0.28098321
36,0.238341257,0.311350495,0.284496546,0.323245496,0.28065303,0.286131889,0.253546834,0.29862088
37,0.247729138,0.311431557,0.298188001,0.320657164,0.281756759,0.272949487,0.266377598,0.300690353
38,0.243515849,0.286548138,0.291622758,0.306925505,0.311900705,0.256377012,0.25579372,0.285044312
39,0.217856169,0.29083246,0.283289135,0.304945081,0.291561633,0.25312373,0.247106314,0.286680281
40,0.229460597,0.318346739,0.292836547,0.310852706,0.305887014,0.271932214,0.263143778,0.294550359
41,0.232245818,0.313130647,0.291056693,0.326527953,0.299919397,0.297427654,0.250647932,0.287159979
42,0.219067797,0.300798923,0.279578596,0.312876195,0.28420195,0.284036905,0.233693391,0.28098321
43,0.196991012,0.316307753,0.275270283,0.306556523,0.267592072,0.269106358,0.204059243,0.268125236
44,0.197156981,0.351865977,0.279838711,0.31296885,0.240098342,0.236394316,0.190700531,0.298709512
45,0.194063917,0.329841912,0.284271777,0.305208057,0.245987162,0.225271657,0.179999992,0.338614225
46,0.189126089,0.374678135,0.294262081,0.293482363,0.257487804,0.185182557,0.20672372,0.393401623
47,0.188522413,0.374816626,0.286970019,0.305792391,0.274129748,0.183816254,0.241731435,0.375045091
48,0.210803255,0.381007701,0.296891212,0.327039272,0.295672148,0.200883478,0.287282944,0.34462443
49,0.216177091,0.336475581,0.29588607,0.297815621,0.304014176,0.217680335,0.278064847,0.324237853
50,0.187319696,0.325750738,0.296791434,0.271035612,0.262449533,0.200797498,0.240617082,0.32195583
51,0.227285191,0.319069952,0.294522345,0.27584815,0.294848084,0.210891083,0.247654781,0.316503257
52,0.23230727,0.322637111,0.303685784,0.268579751,0.292031884,0.201384962,0.243455499,0.324742258
53,0.21567522,0.306994289,0.288507581,0.301112294,0.288819879,0.211136252,0.225460738,0.291977376
54,0.233238846,0.302304029,0.289060414,0.309057206,0.282725662,0.211749792,0.244680867,0.267505914
55,0.234447405,0.289993346,0.298411667,0.313204288,0.318986863,0.203910619,0.220404759,0.277835578
56,0.234682471,0.291021049,0.285457432,0.300320774,0.320981234,0.220799327,0.181465045,0.263554215
57,0.245694995,0.300393969,0.27795592,0.29722771,0.247959614,0.269230783,0.204039559,0.256531626
58,0.241367549,0.30933699,0.279102087,0.329352856,0.273618311,0.228592768,0.216419965,0.285992205
59,0.206896544,0.302826107,0.295913011,0.316190839,0.29134962,0.179596692,0.184539914,0.267244697
60,0.211246625,0.29186061,0.286485404,0.311530799,0.292218208,0.199743375,0.209208846,0.262385458
61,0.223140493,0.304585576,0.281789005,0.313503534,0.274607509,0.212562382,0.234291568,0.273550957
62,0.207797766,0.310126573,0.284386605,0.310768008,0.277883172,0.209476322,0.214226961,0.271796525
63,0.220719442,0.312844753,0.287854582,0.287285388,0.264658093,0.236002237,0.208756521,0.290110767
64,0.198120922,0.325920254,0.299609393,0.252840906,0.262489974,0.214952618,0.227444112,0.307765543
65,0.187319696,0.325750738,0.296791434,0.271035612,0.262449533,0.200797498,0.240617082,0.32195583
66,0.198034301,0.317073166,0.277941763,0.308433115,0.283007562,0.224084064,0.2573255,0.316201746
67,0.207379833,0.342534751,0.276591539,0.326697022,0.284860045,0.207935601,0.258363843,0.340351731
68,0.185602486,0.350176841,0.276144862,0.308074474,0.247748971,0.188872948,0.217962474,0.361474484
69,0.182845637,0.322342902,0.280029535,0.306923062,0.235126317,0.211651191,0.199660093,0.351655126
70,0.223041996,0.311767817,0.280042917,0.321751088,0.237019852,0.251003474,0.194368511,0.270207852
71,0.212469995,0.315560818,0.270138323,0.308240682,0.235554621,0.243994519,0.184354097,0.262389004
72,0.200014368,0.295582324,0.259928554,0.287508398,0.254614085,0.269734144,0.194818437,0.249903232
73,0.215824261,0.302070886,0.269658357,0.300482064,0.271637261,0.299188644,0.223852828,0.271723688
74,0.22439611,0.311186969,0.285476804,0.321345121,0.289673388,0.297175527,0.247986346,0.279163986
75,0.227616638,0.301817238,0.282925218,0.308748871,0.283222497,0.282218605,0.249190941,0.28340131
76,0.230189726,0.269629359,0.278926432,0.298898071,0.287106246,0.256267041,0.237182945,0.274733633
77,0.243526503,0.27022779,0.268520951,0.288581848,0.302781463,0.252890557,0.236293122,0.259984791
78,0.242273793,0.308267266,0.292596489,0.310527682,0.305309743,0.286580443,0.250869662,0.279389322
79,0.235368952,0.313225508,0.27892065,0.316520959,0.29088071,0.302816898,0.247938901,0.276952595
80,0.22673434,0.313716501,0.273878098,0.319273949,0.29538399,0.299434662,0.23840794,0.267864048
81,0.203999996,0.293417156,0.261072725,0.301121205,0.257478327,0.281796008,0.200278983,0.249233127
82,0.211219221,0.291465372,0.26032719,0.297915012,0.250599176,0.245087251,0.204042628,0.258634239
83,0.223989666,0.30199337,0.272986919,0.312243283,0.246681586,0.245379314,0.210661322,0.257981867
84,0.216258973,0.303256989,0.260771453,0.306772918,0.245590881,0.222930372,0.230114803,0.256337851
85,0.203979746,0.311380386,0.273424864,0.307897836,0.246268675,0.217518151,0.209850997,0.290513813
86,0.217660278,0.310842901,0.270531714,0.325985491,0.263418674,0.230967373,0.225061834,0.297683388
87,0.201517954,0.297039598,0.26909557,0.316430807,0.256006628,0.218580008,0.223350957,0.295771897
88,0.171368718,0.309115678,0.274227738,0.278588474,0.241503045,0.212290093,0.224528819,0.315960288
89,0.204281762,0.324070513,0.296942383,0.269405782,0.254837006,0.213447019,0.230691463,0.290614158
90,0.215859339,0.317022383,0.287428737,0.324075311,0.261303455,0.232083336,0.221291199,0.289385319
91,0.204311833,0.320114791,0.276827484,0.347250789,0.249725282,0.228673637,0.217143655,0.279123694
92,0.204786122,0.318703532,0.281175226,0.330594003,0.258932233,0.217469037,0.211238727,0.288945377
93,0.208654672,0.297461659,0.270060688,0.328713387,0.261183739,0.212116957,0.220446616,0.277893513
94,0.182199836,0.279694766,0.27036047,0.317686021,0.24618873,0.191738933,0.188382059,0.26803723
95,0.20049192,0.247548684,0.245055526,0.279450953,0.242163658,0.173651829,0.186628163,0.2575486
96,0.216218129,0.297858268,0.264516115,0.320950389,0.24759315,0.211843207,0.216940477,0.2948488
97,0.204786122,0.318703532,0.281175226,0.330594003,0.258932233,0.217469037,0.211238727,0.288945377
98,0.188267678,0.326409698,0.272452682,0.357325822,0.264318973,0.241365135,0.23477897,0.291067958
99,0.196191713,0.321806759,0.266883641,0.323260665,0.273080617,0.237545222,0.235090137,0.293730646
100,0.18692629,0.321731329,0.277528703,0.297965318,0.260486245,0.211252958,0.220831022,0.311234832
101,0.165496916,0.290728658,0.261355937,0.297788322,0.241357759,0.222420439,0.215678304,0.354282528
102,0.199300691,0.290647656,0.260816664,0.321246564,0.217599094,0.239197746,0.217146426,0.30557707
103,0.223702878,0.296469629,0.269749254,0.322555214,0.240845069,0.244686857,0.232271448,0.296808124
104,0.228575483,0.298162699,0.260780543,0.314174473,0.231924355,0.23168315,0.238478318,0.271838307
105,0.216300949,0.304350704,0.280621827,0.332832724,0.23264277,0.23957482,0.219040364,0.283422798
106,0.227815703,0.298644334,0.280934423,0.316152334,0.247930467,0.255817145,0.228596956,0.280125201
107,0.205388889,0.288082153,0.265565783,0.29783684,0.262398928,0.228729948,0.22792235,0.272815287
108,0.204237282,0.295366794,0.263971001,0.310084701,0.296703279,0.257357925,0.24554877,0.274620473
109,0.210414901,0.311439037,0.281299949,0.310500205,0.259488434,0.2808128,0.24902226,0.29019177
110,0.210414901,0.311439037,0.281299949,0.310500205,0.259488434,0.2808128,0.24902226,0.29019177
111,0.243904129,0.313998967,0.297461659,0.316099495,0.283233851,0.310828596,0.23276563,0.274887294
112,0.229881898,0.286166012,0.294432819,0.301883101,0.31540677,0.277134389,0.235404387,0.26887697
113,0.229581341,0.275729448,0.275809646,0.2928994,0.288050652,0.272397101,0.209817201,0.264148563
114,0.241252929,0.315338701,0.297147393,0.325548381,0.297832489,0.313225985,0.224909574,0.289071441
115,0.206383571,0.322981387,0.279701978,0.304303288,0.266132355,0.290136546,0.218645439,0.294852078
116,0.199758902,0.298648834,0.269199848,0.306520015,0.271720141,0.27166003,0.231268585,0.293231636
117,0.198105156,0.287943751,0.26994735,0.316226929,0.257211536,0.263783842,0.211384863,0.291597068
118,0.198105156,0.287943751,0.26994735,0.316226929,0.257211536,0.263783842,0.211384863,0.291597068
119,0.17682673,0.330456078,0.292485148,0.358003765,0.244340152,0.255065739,0.235218495,0.294539869
120,0.226812825,0.302459359,0.282158226,0.326649249,0.233011723,0.25194335,0.240089893,0.292349726
121,0.22517027,0.299920171,0.277942359,0.317034721,0.25801748,0.263507903,0.241403043,0.289906085
122,0.220079675,0.308262706,0.272412866,0.322032779,0.221457928,0.263727099,0.21138154,0.308351606
123,0.21770063,0.307008207,0.274285704,0.314912736,0.227489144,0.275866836,0.190794989,0.334973514
124,0.183498397,0.307385087,0.274715722,0.294586807,0.261377603,0.233109534,0.223741204,0.338189304
125,0.183498397,0.307385087,0.274715722,0.294586807,0.261377603,0.233109534,0.223741204,0.338189304
126,0.192296758,0.31716761,0.279205143,0.355070621,0.267292142,0.263308764,0.244771615,0.297509402
127,0.181346416,0.330541492,0.275615573,0.370756865,0.265203387,0.230832413,0.226715684,0.289291203
128,0.171765715,0.22174646,0.187208489,0.243226349,0.212290093,0.206212267,0.18320775,0.222604126
129,0.184106335,0.223110259,0.216269583,0.247721627,0.186990142,0.23309958,0.199748755,0.232388824
130,0.182279035,0.260532737,0.23265557,0.304878056,0.225645021,0.201222062,0.199844912,0.243686542
131,0.205949157,0.311112583,0.273655415,0.350363582,0.268460065,0.258970886,0.238147736,0.296534002
132,0.205949157,0.311112583,0.273655415,0.350363582,0.268460065,0.258970886,0.238147736,0.296534002
133,0.207027942,0.311514199,0.284881383,0.290179789,0.256723225,0.266251534,0.201295108,0.334638715
134,0.207027942,0.311514199,0.284881383,0.290179789,0.256723225,0.266251534,0.201295108,0.334638715
135,0.226766601,0.302541018,0.286068976,0.343089223,0.257985771,0.289246738,0.20704107,0.312459946
136,0.245214805,0.297111124,0.276919961,0.334610879,0.241116732,0.270558655,0.20763424,0.300702482
137,0.234522119,0.285954535,0.276427716,0.327179909,0.256587207,0.260262728,0.225918695,0.29227367
138,0.209129512,0.307824016,0.288662553,0.342057884,0.26706171,0.265966207,0.245359868,0.304846764
139,0.17682673,0.330456078,0.292485148,0.358003765,0.244340152,0.255065739,0.235218495,0.294539869
140,0.193027228,0.313397735,0.275641888,0.313081741,0.263909757,0.237079576,0.230989367,0.294320792
141,0.213005126,0.307585925,0.276484758,0.311869651,0.258578092,0.26406166,0.230046302,0.305810392
142,0.20750989,0.312072575,0.273404956,0.308299601,0.260530651,0.287457854,0.206184193,0.311149031
143,0.206383571,0.322981387,0.279701978,0.304303288,0.266132355,0.290136546,0.218645439,0.294852078
144,0.211031348,0.304585576,0.290431887,0.324382037,0.298644334,0.267892987,0.221910134,0.292296946
145,0.211031348,0.304585576,0.290431887,0.324382037,0.298644334,0.267892987,0.221910134,0.292296946
146,0.210636511,0.279139459,0.263260365,0.309381098,0.262439817,0.267864257,0.195900843,0.257668704
147,0.197881356,0.278293133,0.272325009,0.293753296,0.254617065,0.236736327,0.196273133,0.251709014
148,0.211031348,0.304585576,0.290431887,0.324382037,0.298644334,0.267892987,0.221910134,0.292296946
149,0.218689248,0.312312126,0.293103456,0.316145241,0.263165176,0.258497566,0.213827223,0.301977694
150,0.215883031,0.301837802,0.271544725,0.322557569,0.286391765,0.287742108,0.225403219,0.312167317
151,0.212623864,0.301195204,0.275336921,0.326819927,0.268159896,0.267754316,0.234068632,0.318343252
152,0.202889174,0.317216992,0.280392706,0.339889407,0.267261028,0.253732353,0.234285712,0.303360045
153,0.205561921,0.319498837,0.284475833,0.344043702,0.273627251,0.250748694,0.232891545,0.301672786
154,0.217908308,0.297053367,0.267871499,0.328560352,0.255624413,0.229300678,0.246334895,0.315799326
155,0.21677056,0.287311435,0.265501201,0.320654303,0.250552177,0.207092568,0.23496446,0.293142855
156,0.220409945,0.288289487,0.263226599,0.31788078,0.255336612,0.207058355,0.221364319,0.276893467
157,0.189075634,0.301994681,0.274128139,0.340277761,0.261479259,0.242067277,0.229644269,0.317188084
158,0.180857003,0.324746221,0.304393291,0.324000001,0.261666656,0.251217544,0.219300658,0.335753053
159,0.18515721,0.349609852,0.308868885,0.29945904,0.273934036,0.234984264,0.2101271,0.319204807
160,0.200974166,0.313246757,0.270761013,0.322090626,0.259907067,0.247811809,0.202884331,0.285444945
161,0.184157997,0.284489691,0.241789192,0.321721554,0.233960405,0.245582536,0.198688105,0.261128932
162,0.17544876,0.222425416,0.196168542,0.275693297,0.205290034,0.213540912,0.172159329,0.239686668
163,0.192807615,0.247412026,0.211774543,0.285444736,0.220669612,0.230258465,0.183948144,0.238850996
164,0.193069309,0.29165563,0.256933123,0.305917144,0.253488988,0.236644924,0.202145204,0.29631719
165,0.171309188,0.316456527,0.291457951,0.307125151,0.269106358,0.244692519,0.223361477,0.326805145
166,0.165314689,0.319219291,0.29803279,0.339016348,0.262432456,0.23975575,0.24241212,0.336197168
167,0.198561147,0.294768602,0.266006827,0.315049499,0.248344362,0.237104833,0.227177605,0.311313599
168,0.222810537,0.305728674,0.283718437,0.339875609,0.240610167,0.222653002,0.221350074,0.284053147
169,0.230965182,0.315447271,0.281212032,0.311554849,0.235978097,0.245730281,0.244995996,0.285815805
170,0.232638389,0.312779397,0.269626439,0.319255441,0.274283439,0.248943135,0.24215515,0.30244711
171,0.211143062,0.305323809,0.289009213,0.333702594,0.291340709,0.289195776,0.267378956,0.31275934
172,0.213540912,0.298312575,0.278455287,0.322879672,0.279093504,0.292228818,0.256764114,0.305440426
173,0.200667426,0.303756982,0.270578623,0.318396211,0.259077728,0.273832023,0.249120906,0.308778644
174,0.20550023,0.300159544,0.275485426,0.306884855,0.265565783,0.252563417,0.239661276,0.313038588
175,0.192514509,0.307687253,0.295574307,0.304528892,0.228724822,0.24870041,0.205804735,0.284030437
176,0.187314376,0.279898554,0.28207171,0.308621824,0.231540889,0.220172018,0.209651262,0.25460121
177,0.206079662,0.262114525,0.270733654,0.293389499,0.234771922,0.211165041,0.193885922,0.256211191
178,0.199985817,0.311678052,0.289811462,0.304582566,0.248443857,0.279088676,0.216566876,0.252956301
179,0.190909103,0.339753449,0.313453257,0.31844008,0.244081646,0.28737852,0.233350992,0.276128948
180,0.208556145,0.328634262,0.316736192,0.326120555,0.267558753,0.297422469,0.254159451,0.294320792
181,0.216654837,0.317236453,0.301968515,0.31338349,0.251275182,0.258535564,0.231639534,0.291364163
182,0.235462606,0.305533588,0.292405069,0.332573891,0.277202785,0.271742046,0.277748019,0.319994956
183,0.235462606,0.305533588,0.292405069,0.332573891,0.277202785,0.271742046,0.277748019,0.319994956
184,0.209640115,0.311112583,0.290554971,0.337539017,0.276797831,0.291940898,0.281363457,0.309523821
185,0.223250866,0.326890975,0.309791118,0.349701434,0.244569689,0.271447718,0.248706788,0.312044472
186,0.225922793,0.311803281,0.303789973,0.35944438,0.251223475,0.266205281,0.222853631,0.286929637
187,0.233713448,0.302232862,0.281754583,0.337197185,0.257066786,0.282413095,0.226589203,0.2702685
188,0.233713448,0.302232862,0.281754583,0.337197185,0.257066786,0.282413095,0.226589203,0.2702685
189,0.178434715,0.286593527,0.270319462,0.314980298,0.263096064,0.250380307,0.230614975,0.299087346
190,0.181857273,0.246250153,0.209492519,0.283090681,0.233230412,0.235801414,0.193388104,0.236743852
191,0.205066517,0.281954885,0.221635342,0.298335969,0.267066032,0.258862317,0.209890693,0.248123229
192,0.235351309,0.313497245,0.269764036,0.329420149,0.302659869,0.268399715,0.229583576,0.283595562
193,0.226527154,0.320600182,0.291551501,0.355728954,0.294926852,0.269220412,0.237055019,0.303207755
194,0.200790748,0.34801209,0.331707001,0.373577297,0.295221388,0.25974974,0.251789331,0.318670332
195,0.193065003,0.321106315,0.297379583,0.339360476,0.284665585,0.274271846,0.251060605,0.296232194
196,0.217322141,0.300877303,0.288012862,0.347164929,0.293760121,0.270378411,0.268716574,0.3125723
197,0.236864582,0.301743478,0.295547903,0.343298972,0.263993561,0.255210459,0.251935899,0.326119989
198,0.219328448,0.301033258,0.294459105,0.329182863,0.272465736,0.276853859,0.243303284,0.30752182
199,0.208556145,0.328634262,0.316736192,0.326120555,0.267558753,0.297422469,0.254159451,0.294320792
200,0.201250717,0.328910053,0.314298719,0.327374101,0.286110729,0.299760997,0.240023866,0.29399845
201,0.231509909,0.319544971,0.306586534,0.326340318,0.282702416,0.290105522,0.216463819,0.276489854
202,0.179618359,0.29820919,0.270309597,0.294475019,0.242570266,0.219101131,0.184496328,0.258515894
203,0.166061714,0.300385624,0.265709758,0.252178371,0.251371354,0.232799366,0.195491806,0.266209006
204,0.198641405,0.333480954,0.307224214,0.327495307,0.321583301,0.261006296,0.203773573,0.296008021
205,0.205973968,0.324052602,0.298815787,0.333417922,0.309288681,0.27902323,0.225039601,0.308100998
206,0.209846765,0.325917274,0.30283913,0.320337653,0.301607519,0.292307675,0.240596443,0.306149572
207,0.224849522,0.305551887,0.282579631,0.31844455,0.27194187,0.293280274,0.217013672,0.295428991
208,0.222987354,0.315368593,0.301184982,0.328125,0.277642757,0.270286649,0.23563987,0.297415435
209,0.225557461,0.323415011,0.29889226,0.336663663,0.301535994,0.268222541,0.252514571,0.30371353
210,0.206281826,0.32871145,0.308080792,0.343382537,0.311939895,0.277613729,0.25571388,0.31878522
211,0.222657934,0.311924189,0.282834321,0.34120667,0.299601078,0.285253823,0.258797944,0.337397367
212,0.214225426,0.275312632,0.225804269,0.303875059,0.295085281,0.258891642,0.224759609,0.308295965
213,0.233116686,0.292887568,0.255801409,0.315238863,0.291745335,0.276029527,0.226833194,0.32160455
214,0.216302946,0.311752319,0.292280138,0.315234363,0.293635875,0.286213398,0.244308963,0.344576985
215,0.206581607,0.312941164,0.289101124,0.319742501,0.274560064,0.266983718,0.255859643,0.30755052
216,0.207413137,0.322033912,0.31423834,0.326466143,0.32738328,0.252025932,0.252517998,0.302428514
217,0.205383644,0.325621426,0.31769231,0.328688323,0.31018579,0.270696372,0.214228407,0.283267558
218,0.232226491,0.319169819,0.288998127,0.324556828,0.307485908,0.296808511,0.197275341,0.295204818
219,0.224775866,0.315613091,0.29404369,0.309846312,0.309011161,0.27531904,0.203674108,0.320800602
220,0.197357446,0.33299467,0.296737432,0.299696296,0.322641522,0.27224201,0.243078336,0.317117244
221,0.176037118,0.326383621,0.290818304,0.283125013,0.330105305,0.251845032,0.221649483,0.325571328
222,0.1785364,0.293782771,0.248009562,0.308392137,0.226215199,0.259239972,0.188231349,0.272282183
223,0.1785364,0.293782771,0.248009562,0.308392137,0.226215199,0.259239972,0.188231349,0.272282183
224,0.195873395,0.287562698,0.282888681,0.299541205,0.313286155,0.254670978,0.228698671,0.290601522
225,0.190699667,0.290753305,0.288606077,0.300534964,0.320120782,0.24467212,0.260594875,0.312906444
226,0.210658431,0.304842532,0.293267339,0.315799624,0.287123412,0.263651162,0.259805918,0.293536782
227,0.210930839,0.332884103,0.292769194,0.318674922,0.311659783,0.287599981,0.242670149,0.297798306
228,0.185882702,0.306893855,0.289701253,0.324308693,0.326001585,0.248012051,0.261595547,0.30244711
229,0.179058954,0.254017293,0.249119475,0.274755448,0.334823161,0.229066148,0.243925214,0.26962322
230,0.195614904,0.300635844,0.276057661,0.302103609,0.289840221,0.253230691,0.238098443,0.30030939
231,0.205620885,0.279013008,0.247420549,0.279667765,0.285607815,0.268203735,0.210780978,0.291902304
232,0.205491334,0.29012841,0.255051553,0.305128872,0.27843082,0.272129327,0.257838279,0.274223417
233,0.21639201,0.29975906,0.276305109,0.302398413,0.270916045,0.261630297,0.258022308,0.272026867
234,0.21639201,0.29975906,0.276305109,0.302398413,0.270916045,0.261630297,0.258022308,0.272026867
235,0.19586198,0.289997309,0.262793243,0.28693375,0.290787727,0.252059311,0.241376936,0.279463232
236,0.200303167,0.291315764,0.272342443,0.290969253,0.292668343,0.232041955,0.237055555,0.26646629
237,0.234241888,0.29180479,0.288400441,0.296374142,0.238813311,0.244706839,0.25208053,0.271755725
238,0.23636882,0.308939874,0.289038539,0.320042253,0.249965191,0.243742228,0.258791208,0.253210664
239,0.23636882,0.308939874,0.289038539,0.320042253,0.249965191,0.243742228,0.258791208,0.253210664
240,0.205491334,0.29012841,0.255051553,0.305128872,0.27843082,0.272129327,0.257838279,0.274223417
241,0.225915298,0.291410208,0.263554841,0.308558851,0.257799447,0.275970459,0.249619588,0.252558142
242,0.246835455,0.319370031,0.290706933,0.304919988,0.257372111,0.300320566,0.289200008,0.270394742
243,0.246835455,0.319370031,0.290706933,0.304919988,0.257372111,0.300320566,0.289200008,0.270394742
244,0.211243629,0.289889395,0.294047624,0.286391586,0.267006099,0.276722401,0.23759155,0.276125103
245,0.183539093,0.263684213,0.265453339,0.271535575,0.209026143,0.261482269,0.206984669,0.275700927
246,0.23987475,0.304743081,0.288661182,0.302681744,0.272208631,0.293965876,0.259514153,0.299382716
247,0.228515625,0.313609838,0.297004342,0.298971117,0.28639859,0.284718513,0.27670294,0.306385458
248,0.240143105,0.289137393,0.275974452,0.286647111,0.29621172,0.275409847,0.289674193,0.294543356
249,0.240143105,0.289137393,0.275974452,0.286647111,0.29621172,0.275409847,0.289674193,0.294543356
250,0.228515625,0.313609838,0.297004342,0.298971117,0.28639859,0.284718513,0.27670294,0.306385458
251,0.234878466,0.28125,0.27903226,0.302470773,0.270292193,0.293025136,0.235372335,0.275093168
252,0.234878466,0.28125,0.27903226,0.302470773,0.270292193,0.293025136,0.235372335,0.275093168
253,0.199913651,0.273835301,0.265256315,0.284713864,0.277416736,0.267134607,0.254517049,0.279197067
254,0.206814572,0.25999999,0.21488294,0.263050586,0.282573611,0.255372614,0.233051434,0.264799148
255,0.194770858,0.258193344,0.240206197,0.280130267,0.239425883,0.267603666,0.238603503,0.253391862
256,0.194770858,0.258193344,0.240206197,0.280130267,0.239425883,0.267603666,0.238603503,0.253391862
257,0.194770858,0.258193344,0.240206197,0.280130267,0.239425883,0.267603666,0.238603503,0.253391862
258,0.194770858,0.258193344,0.240206197,0.280130267,0.239425883,0.267603666,0.238603503,0.253391862
259,0.199254721,0.257925063,0.219242021,0.273251027,0.228473991,0.27125898,0.209551111,0.247070715
260,0.199254721,0.257925063,0.219242021,0.273251027,0.228473991,0.27125898,0.209551111,0.247070715
261,0.195008472,0.266287625,0.205315337,0.317049444,0.206732765,0.249064639,0.162295088,0.264019579
262,0.197237566,0.253846169,0.201231897,0.277805954,0.22339572,0.247516438,0.19349885,0.245307326
263,0.205482095,0.244345605,0.177134708,0.2397632,0.227226421,0.237426609,0.204706311,0.221869662
264,0.194035947,0.244796515,0.187073007,0.256640613,0.220546842,0.230845824,0.182522982,0.236280471
265,0.222428739,0.24273859,0.205050513,0.273504257,0.246286631,0.238954201,0.217687517,0.231448755
266,0.222428739,0.24273859,0.205050513,0.273504257,0.246286631,0.238954201,0.217687517,0.231448755
267,0.228674755,0.245469078,0.223567411,0.312299788,0.24257426,0.259946048,0.228548497,0.236902207
268,0.242943823,0.262554646,0.26812917,0.328277767,0.251833111,0.242849648,0.254806519,0.264407992
269,0.242943823,0.262554646,0.26812917,0.328277767,0.251833111,0.242849648,0.254806519,0.264407992
270,0.264437675,0.25306204,0.284853458,0.343799889,0.262995273,0.29961881,0.282401323,0.294968694
271,0.304626316,0.244517833,0.297001868,0.339748323,0.239239544,0.277763754,0.255191416,0.273257226
272,0.235221684,0.272654146,0.233369336,0.296513945,0.23583366,0.240495205,0.190857306,0.246493369
273,0.235221684,0.272654146,0.233369336,0.296513945,0.23583366,0.240495205,0.190857306,0.246493369
274,0.21462357,0.334973514,0.19530417,0.321278751,0.259152472,0.292061239,0.282652795,0.226831064
275,0.165810704,0.337037951,0.151832804,0.312061012,0.246028036,0.370631069,0.288158357,0.178006336
276,0.210100338,0.318448573,0.280603111,0.346849114,0.23075451,0.283051729,0.204211205,0.241701007
277,0.210100338,0.318448573,0.280603111,0.346849114,0.23075451,0.283051729,0.204211205,0.241701007
278,0.222115383,0.301004648,0.290770441,0.346326292,0.222639948,0.203952566,0.174217626,0.313305259
279,0.22867249,0.265511662,0.259781003,0.301953137,0.220144749,0.233820602,0.186090216,0.259887725
280,0.187105373,0.265529186,0.26003179,0.294075608,0.206812665,0.228947371,0.172318608,0.292555839
281,0.192104891,0.263955325,0.267117888,0.286039263,0.209197596,0.212971583,0.179968312,0.280050188
282,0.224769369,0.267964691,0.255060732,0.320724308,0.224979073,0.229158372,0.192582309,0.265578628
283,0.224769369,0.267964691,0.255060732,0.320724308,0.224979073,0.229158372,0.192582309,0.265578628
284,0.200991496,0.267835706,0.256914914,0.306323111,0.218181819,0.225049064,0.1847682,0.274894476
285,0.183565691,0.261128783,0.257273823,0.292479664,0.197979107,0.244764909,0.162425548,0.283282906
286,0.184615389,0.267298967,0.252551019,0.30148688,0.168786287,0.232914388,0.153811052,0.31040287
287,0.217086047,0.255226254,0.228025645,0.283657581,0.209512949,0.195635438,0.166073486,0.288447589
288,0.20924297,0.26839599,0.240451753,0.291731656,0.174989596,0.207758397,0.157841399,0.260445327
289,0.197546527,0.277423233,0.251555324,0.303179115,0.174143568,0.215126157,0.152099967,0.296821803
290,0.208386004,0.288667291,0.298501581,0.36186111,0.194510058,0.280474991,0.198668823,0.293266177
291,0.206716731,0.266381383,0.297413796,0.347312897,0.217409238,0.281556576,0.193918645,0.305562615
292,0.211361751,0.273547083,0.285975456,0.354117334,0.207232758,0.268292665,0.180457249,0.290458024
293,0.211361751,0.273547083,0.285975456,0.354117334,0.207232758,0.268292665,0.180457249,0.290458024
294,0.219593659,0.275249511,0.277836204,0.32382229,0.21040535,0.239165336,0.152854636,0.284988582
295,0.192104891,0.263955325,0.267117888,0.286039263,0.209197596,0.212971583,0.179968312,0.280050188
296,0.182724267,0.263662666,0.254768729,0.314333439,0.18836236,0.208213076,0.183490515,0.316964835
297,0.182724267,0.263662666,0.254768729,0.314333439,0.18836236,0.208213076,0.183490515,0.316964835
298,0.210292071,0.27849263,0.276232928,0.333207548,0.196428582,0.221225917,0.170348898,0.302436233
299,0.222115383,0.301004648,0.290770441,0.346326292,0.222639948,0.203952566,0.174217626,0.313305259
300,0.190644652,0.373120636,0.325436413,0.375489175,0.206726804,0.23031868,0.18006143,0.343555361
301,0.205449194,0.350168973,0.299314111,0.382066876,0.197495982,0.282986343,0.205943018,0.307645619
302,0.184439167,0.344163954,0.307941973,0.333413869,0.181499779,0.229267672,0.165409267,0.350316554
303,0.206034958,0.323364705,0.278111905,0.350715518,0.211340219,0.238284826,0.196310684,0.33893609
304,0.196624637,0.321387798,0.298367232,0.348689795,0.217604771,0.220570892,0.16924566,0.334571838
305,0.209686279,0.282283455,0.267386109,0.336961895,0.200435579,0.231444523,0.186187401,0.310896605
306,0.201629743,0.27404803,0.24010466,0.322756559,0.211929634,0.210952938,0.197811216,0.309923649
307,0.202633828,0.264562786,0.235238358,0.300677359,0.211436704,0.225119755,0.170870438,0.319269508
308,0.206181198,0.27217415,0.248376623,0.319892794,0.24210526,0.242099777,0.188698485,0.308448553
309,0.206213087,0.272672474,0.262396961,0.341077596,0.205996126,0.241430983,0.174935967,0.301910818
310,0.22333239,0.281161934,0.287701309,0.367450297,0.255677253,0.293041229,0.212686568,0.309366673
311,0.218939483,0.29072246,0.295738518,0.36882776,0.242864877,0.283941805,0.222407579,0.301374227
312,0.206406444,0.296383649,0.267519772,0.36096859,0.22599861,0.269349843,0.195194378,0.289419889
313,0.207337871,0.299057484,0.271899045,0.358444035,0.193820223,0.24930802,0.197829038,0.292363077
314,0.198243588,0.284537733,0.263913453,0.341162145,0.213806123,0.249081701,0.188822582,0.280515999
315,0.20863463,0.288377345,0.292450339,0.371409029,0.278778911,0.301080108,0.199864328,0.30529955
316,0.219327733,0.283253193,0.283675641,0.35426569,0.277490824,0.274049491,0.206628472,0.308391601
317,0.206181198,0.27217415,0.248376623,0.319892794,0.24210526,0.242099777,0.188698485,0.308448553
318,0.223656356,0.265595198,0.252616554,0.314142197,0.217614412,0.218745947,0.179289445,0.316816062
319,0.223656356,0.265595198,0.252616554,0.314142197,0.217614412,0.218745947,0.179289445,0.316816062
320,0.219804063,0.273295701,0.251883745,0.331287175,0.23410885,0.218950078,0.193963751,0.322007298
321,0.233406767,0.287335098,0.261222303,0.353183508,0.23714681,0.251181126,0.214981079,0.31191501
322,0.233406767,0.287335098,0.261222303,0.353183508,0.23714681,0.251181126,0.214981079,0.31191501
323,0.206635788,0.323372662,0.286613047,0.33037135,0.235856727,0.226363644,0.196546361,0.336794883
324,0.19976078,0.311205685,0.29093492,0.307673216,0.201217011,0.225690886,0.176648214,0.326723814
325,0.206703901,0.312883437,0.282089561,0.317307711,0.217689827,0.230739996,0.200967893,0.29068926
326,0.206310689,0.324734449,0.289665967,0.339892447,0.219215155,0.211925209,0.18343924,0.331999004
327,0.227879807,0.285601258,0.272908896,0.355331838,0.247140527,0.21962133,0.193227082,0.318613946
328,0.227879807,0.285601258,0.272908896,0.355331838,0.247140527,0.21962133,0.193227082,0.318613946
329,0.217779338,0.270531386,0.264705867,0.336749822,0.219232321,0.19854337,0.172118172,0.34339574
330,0.214285702,0.275345773,0.267332703,0.331257939,0.215096623,0.217968449,0.161427811,0.33506301
331,0.199641079,0.264562786,0.259902,0.326187402,0.223961219,0.234088272,0.178576425,0.293898046
332,0.203835741,0.2615529,0.293512672,0.351823688,0.255879968,0.26226756,0.189411432,0.303683341
333,0.193375304,0.274613857,0.297008246,0.365466893,0.273331553,0.275924981,0.212220609,0.30030781
334,0.193375304,0.274613857,0.297008246,0.365466893,0.273331553,0.275924981,0.212220609,0.30030781
335,0.20065324,0.295316219,0.27547729,0.344212145,0.188389629,0.242301658,0.178600475,0.283335477
336,0.188370124,0.277499974,0.222759947,0.312860996,0.164248839,0.228135422,0.166892812,0.264905244
337,0.20065324,0.295316219,0.27547729,0.344212145,0.188389629,0.242301658,0.178600475,0.283335477
338,0.197374076,0.287105441,0.282859445,0.362933874,0.252804488,0.259004235,0.203083113,0.288750499
339,0.204915687,0.292310745,0.280921578,0.384425819,0.236545429,0.253110439,0.200726986,0.30540061
340,0.195242181,0.287284762,0.278832018,0.35523358,0.212691188,0.229126573,0.170371369,0.29916209
341,0.225364834,0.292485148,0.292534381,0.349949777,0.215998396,0.246755794,0.163680136,0.302269846
342,0.239337146,0.288728654,0.27125749,0.348654717,0.187376082,0.240799367,0.168627173,0.317907065
343,0.224185929,0.292381197,0.260191858,0.358715832,0.211141288,0.22120814,0.174308911,0.315453857
344,0.206310689,0.324734449,0.289665967,0.339892447,0.219215155,0.211925209,0.18343924,0.331999004
345,0.216631904,0.329268277,0.305142432,0.326182604,0.239516124,0.230148807,0.184337348,0.273516625
346,0.225435808,0.282155573,0.253623188,0.275502264,0.22368066,0.277251154,0.189580396,0.231108934
347,0.196517408,0.328859061,0.293886572,0.272197872,0.236064926,0.215733603,0.16178678,0.29899317
348,0.205835983,0.329525471,0.272132427,0.33734718,0.245812684,0.236381322,0.187260643,0.29612577
349,0.191423401,0.346153855,0.305448413,0.34342584,0.203305796,0.19402352,0.127698734,0.335377336
350,0.163507119,0.356479198,0.298124999,0.305993497,0.179071039,0.181098446,0.142113179,0.354415298
351,0.163507119,0.356479198,0.298124999,0.305993497,0.179071039,0.181098446,0.142113179,0.354415298
352,0.168039873,0.328944117,0.275740802,0.273439348,0.164624184,0.17481418,0.130328789,0.375841707
353,0.217904061,0.302558959,0.292459995,0.322580665,0.254458904,0.193203166,0.149750724,0.351721615
354,0.220125347,0.301070482,0.314534456,0.349220723,0.248882562,0.210874289,0.169729576,0.333477676
355,0.209569573,0.288491845,0.321332306,0.360456675,0.261834919,0.238903403,0.187401995,0.32072863
356,0.189377084,0.307088137,0.321865439,0.399251908,0.204045624,0.24611932,0.191420898,0.293861896
357,0.191889629,0.31638962,0.326552749,0.398803055,0.252939612,0.251431853,0.215316758,0.307766259
358,0.201423138,0.300942302,0.307802349,0.386369228,0.249053538,0.233513296,0.18487674,0.299383909
359,0.181837693,0.291572809,0.296442688,0.370344818,0.229364008,0.243169412,0.179838717,0.290129811
360,0.204652146,0.300635844,0.295577198,0.354763985,0.257662416,0.280180901,0.192905992,0.278324485
361,0.171904638,0.290297538,0.258910686,0.319930077,0.205661967,0.259888798,0.182702571,0.28178367
362,0.207568645,0.278249145,0.244369805,0.308219165,0.210144922,0.240832508,0.182499677,0.284089476
363,0.163160697,0.321753412,0.309742987,0.343554914,0.252475262,0.241450593,0.205858916,0.302593112
364,0.179768309,0.303520203,0.31512931,0.376749337,0.225503355,0.250160724,0.208718359,0.302294463
365,0.179933891,0.301092774,0.329657793,0.399192095,0.208141729,0.24539797,0.202390447,0.320512831
366,0.184188738,0.29992193,0.337800592,0.375549585,0.239606991,0.248010263,0.196857661,0.313768744
367,0.199324325,0.282406777,0.3156766,0.34673366,0.236086413,0.280708641,0.181569472,0.294098854
368,0.208882034,0.277748346,0.300627947,0.328803003,0.247406229,0.243559241,0.173406944,0.304927349
369,0.200894699,0.300535619,0.299384683,0.307421803,0.199906424,0.206072778,0.164025351,0.326958776
370,0.182113826,0.304878056,0.289660394,0.285023272,0.200981051,0.173135072,0.14416784,0.362862617
371,0.187805533,0.320373654,0.28347984,0.28527832,0.172305599,0.198246539,0.132684231,0.358963668
372,0.178106517,0.360777915,0.303795099,0.310023874,0.164936468,0.171684504,0.139920503,0.355057001
373,0.178106517,0.360777915,0.303795099,0.310023874,0.164936468,0.171684504,0.139920503,0.355057001
374,0.155824512,0.371312052,0.324049383,0.309016705,0.162057742,0.159292042,0.126917556,0.372300923
375,0.154336125,0.361080885,0.320318162,0.308771938,0.156594515,0.163603812,0.121746868,0.369158864
376,0.135938615,0.294748515,0.332333237,0.201451287,0.13385354,0.162470296,0.129711762,0.342833072
377,0.132314727,0.331173599,0.328762144,0.24731119,0.132441878,0.157400712,0.124940522,0.35238868
378,0.138072118,0.353936672,0.320648819,0.269581944,0.144885212,0.14581047,0.118463747,0.356857657
379,0.17799975,0.346977711,0.30475831,0.267526329,0.170870617,0.166538611,0.125982791,0.359501183
380,0.208442345,0.314151317,0.275882572,0.301940799,0.195330694,0.221998379,0.14895162,0.325247526
381,0.208442345,0.314151317,0.275882572,0.301940799,0.195330694,0.221998379,0.14895162,0.325247526
382,0.187628731,0.29239729,0.288976789,0.288157433,0.184696943,0.194233283,0.13392511,0.34365496
383,0.205122873,0.284057021,0.29798761,0.314210325,0.214285716,0.205555558,0.172033772,0.327354252
384,0.220218107,0.276687443,0.29171598,0.340289026,0.25552243,0.231781915,0.203658551,0.315789491
385,0.216129929,0.295161903,0.31636855,0.354913205,0.251364619,0.27187255,0.214460626,0.315749437
386,0.190955132,0.292581886,0.316917747,0.346125185,0.221735597,0.283110619,0.200837672,0.311464012
387,0.180476755,0.29673177,0.285400897,0.362740219,0.214574888,0.293397099,0.214808285,0.312062621
388,0.178184837,0.302907288,0.27938661,0.350256652,0.236542374,0.287671208,0.210593611,0.301991582
389,0.168627456,0.295308918,0.250098854,0.289848924,0.219014928,0.233459353,0.187378377,0.292800575
390,0.194855422,0.29543066,0.273614973,0.280490875,0.222060397,0.287351757,0.194393739,0.304066777
391,0.1636509,0.308942556,0.285316586,0.310074627,0.216417924,0.256164044,0.187056959,0.313186824
392,0.178184837,0.302907288,0.27938661,0.350256652,0.236542374,0.287671208,0.210593611,0.301991582
393,0.216251925,0.314179987,0.307967722,0.330034465,0.241734684,0.284165144,0.229055971,0.314042717
394,0.210456505,0.29953137,0.312564641,0.345835954,0.237275332,0.292564869,0.229776949,0.32483229
395,0.195121944,0.308023661,0.302807748,0.347826093,0.255616456,0.259433985,0.22685121,0.309693426
396,0.211375907,0.302113235,0.283676177,0.338503093,0.255519211,0.267955095,0.218418524,0.311733127
397,0.20298402,0.292811573,0.279032677,0.327844322,0.222207233,0.246621177,0.207918763,0.311031669
398,0.224702999,0.302860439,0.288544536,0.349505454,0.257700205,0.249835417,0.200657889,0.292730093
399,0.233971298,0.302315086,0.289686173,0.324660629,0.239942729,0.233652323,0.180016011,0.322841495
400,0.185177803,0.300758541,0.288299769,0.261222184,0.192381099,0.178800315,0.153985023,0.292973012
401,0.18875213,0.278500378,0.261990935,0.245730534,0.162415206,0.213957936,0.148218349,0.257034183
402,0.157812506,0.324465424,0.318181843,0.23502475,0.154847935,0.155120283,0.121463425,0.339966953
403,0.195739552,0.309788793,0.29548642,0.257507503,0.183881491,0.16701515,0.135638297,0.359978616
404,0.233971298,0.302315086,0.289686173,0.324660629,0.239942729,0.233652323,0.180016011,0.322841495
405,0.208442345,0.314151317,0.275882572,0.301940799,0.195330694,0.221998379,0.14895162,0.325247526
406,0.21279265,0.291021258,0.273397058,0.321468771,0.201554134,0.232150048,0.175192848,0.299002677
407,0.20298402,0.292811573,0.279032677,0.327844322,0.222207233,0.246621177,0.207918763,0.311031669
408,0.195162967,0.273190707,0.282592177,0.276374996,0.199064657,0.235363886,0.156093284,0.232475638
409,0.210830435,0.307770431,0.316259354,0.304182738,0.254213303,0.20526728,0.193834618,0.324174464
410,0.208366871,0.309838563,0.317025065,0.345121205,0.256474555,0.230933025,0.202702701,0.325662822
411,0.203698754,0.306883365,0.287498385,0.333688438,0.26891616,0.248606965,0.200254932,0.307100147
412,0.203838393,0.312244892,0.299767464,0.333770126,0.270336896,0.257226199,0.216737613,0.320085257
413,0.197315425,0.314346015,0.310138017,0.33275044,0.253483236,0.257387251,0.227223948,0.319289207
414,0.18963182,0.316063851,0.309412688,0.341172785,0.255210459,0.27937746,0.230290443,0.323129267
415,0.19011198,0.326671779,0.308491319,0.316677213,0.252841294,0.278585345,0.23209691,0.317077786
416,0.206335038,0.316148728,0.306668401,0.326367795,0.234290823,0.28098321,0.231159508,0.302836716
417,0.188986063,0.298180848,0.304903358,0.311406851,0.206227005,0.276810467,0.213531792,0.299310595
418,0.223004043,0.286664903,0.299289286,0.315362841,0.255511016,0.305657417,0.23411575,0.302688867
419,0.2153579,0.282003224,0.278686345,0.296353757,0.244055584,0.29447484,0.230416268,0.293591559
420,0.2153579,0.282003224,0.278686345,0.296353757,0.244055584,0.29447484,0.230416268,0.293591559
421,0.234878466,0.28125,0.27903226,0.302470773,0.270292193,0.293025136,0.235372335,0.275093168
422,0.235041529,0.28843838,0.282859445,0.322932899,0.272563159,0.310625076,0.21994555,0.295657218
423,0.227805689,0.286189467,0.299050003,0.324459881,0.290563256,0.306751281,0.238513067,0.301000744
424,0.204168975,0.297620624,0.295805305,0.312308848,0.250306487,0.286256552,0.225010052,0.307164639
425,0.195528835,0.327009648,0.301481098,0.296748996,0.243889034,0.278268218,0.227297142,0.307638973
426,0.209855273,0.321317434,0.305551916,0.324411154,0.269958824,0.28897658,0.234038234,0.32035175
427,0.215871707,0.310351551,0.312127501,0.331163913,0.266119182,0.282687813,0.231632382,0.326838732
428,0.20556958,0.32535854,0.306110591,0.332382143,0.251125664,0.26438567,0.207352921,0.318204701
429,0.199115038,0.314423829,0.295419276,0.337824464,0.244489789,0.25685063,0.226947531,0.331188112
430,0.207877174,0.31765154,0.304964989,0.344864011,0.223777175,0.234939739,0.207381472,0.323712766
431,0.197489023,0.316607684,0.314635992,0.324451417,0.218418524,0.219338715,0.19687748,0.327726424
432,0.202799052,0.311170191,0.315183192,0.285260022,0.221590906,0.219902351,0.175550401,0.324984908
433,0.193378434,0.334922582,0.304273188,0.314985096,0.217244238,0.2217457,0.188947022,0.323890865
434,0.197562918,0.336245626,0.301629364,0.324978113,0.225931033,0.23302646,0.200105473,0.333127946
435,0.207599193,0.314024389,0.305278838,0.345640898,0.270425409,0.262718439,0.225119755,0.333643466
436,0.209926769,0.311320752,0.30553031,0.351317763,0.257617176,0.280430526,0.237094834,0.336521745
437,0.219359607,0.316917747,0.320864886,0.34462747,0.260469228,0.294399798,0.231015176,0.333979249
438,0.217060015,0.319577008,0.323056281,0.348311096,0.264561772,0.265462607,0.233732551,0.329588026
439,0.219387054,0.313199699,0.309641033,0.337372839,0.275960773,0.282540917,0.234954327,0.332292706
440,0.211538464,0.33103314,0.310020894,0.303646058,0.249861658,0.289876699,0.224110037,0.304259628
441,0.2139889,0.309868425,0.296523094,0.321059346,0.263046741,0.284978479,0.218862623,0.304984033
442,0.217570007,0.294915944,0.293491215,0.322755694,0.285474092,0.293098956,0.232025281,0.296979874
443,0.240394011,0.284434348,0.283653855,0.3373169,0.285434932,0.31374225,0.221412018,0.302238822
444,0.216125339,0.271319926,0.266188025,0.322411537,0.252446592,0.292480797,0.223989233,0.266804546
445,0.21318163,0.269470841,0.247736633,0.317766756,0.267525136,0.292687833,0.237035006,0.272478491
446,0.226851866,0.282395124,0.274670601,0.328531355,0.287199557,0.301020414,0.232881352,0.295492828
447,0.213225186,0.299920708,0.300707549,0.309984535,0.275709808,0.285582989,0.228586867,0.301392823
448,0.208413273,0.318620414,0.309047192,0.320636958,0.259077728,0.292314738,0.223645195,0.31082809
449,0.205866188,0.317578107,0.313790411,0.325028539,0.271756977,0.2900078,0.228538603,0.316191465
450,0.223639354,0.316220433,0.316726893,0.323402375,0.267667115,0.283435345,0.245082289,0.326053947
451,0.22535497,0.315533996,0.321634799,0.332702488,0.274311185,0.286534458,0.240513101,0.328650624
452,0.221638083,0.295094937,0.297950625,0.339251637,0.270089895,0.291848034,0.261464208,0.341802955
453,0.222916663,0.30313316,0.298498631,0.343154579,0.277416736,0.283075094,0.259877205,0.340079457
454,0.212285519,0.315424174,0.298028916,0.3396191,0.261995375,0.269913822,0.231967002,0.330830306
455,0.201229066,0.309821308,0.304618329,0.313379854,0.237978801,0.246840253,0.197598964,0.320954233
456,0.213251159,0.268261969,0.257115006,0.332452357,0.254172802,0.279143393,0.186092377,0.246557504
457,0.21619074,0.319064438,0.303799927,0.331299812,0.273743391,0.261425853,0.238618329,0.334137291
458,0.231754348,0.314671814,0.302270949,0.339693695,0.279647201,0.287564754,0.271691322,0.347465992
459,0.221638083,0.295094937,0.297950625,0.339251637,0.270089895,0.291848034,0.261464208,0.341802955
460,0.214698598,0.296342939,0.305233687,0.32635501,0.270691991,0.273627251,0.262841105,0.335134447
461,0.21690926,0.318725616,0.308634788,0.320853561,0.269041777,0.278969407,0.257034272,0.327935219
462,0.212343812,0.31808731,0.310082078,0.322369277,0.270652175,0.285230517,0.238254145,0.321387798
463,0.207010776,0.305592,0.296459019,0.312828064,0.272452682,0.266697288,0.246931687,0.318621218
464,0.183585763,0.263975978,0.25510478,0.293152094,0.26654911,0.23267591,0.233054847,0.298079371
465,0.225136384,0.281707793,0.278491169,0.310646296,0.279785365,0.285957128,0.231661007,0.290893763
466,0.168469205,0.25608772,0.219069019,0.275209785,0.219406679,0.223736465,0.195634365,0.301761568
467,0.198291197,0.307622492,0.283293933,0.306358039,0.240902871,0.254443288,0.246117473,0.31993407
468,0.210924834,0.325266421,0.306166261,0.328438163,0.258507133,0.280228317,0.245848954,0.324534744
469,0.2129765,0.337868899,0.317926466,0.307731539,0.262320817,0.269090682,0.246079847,0.323551685
470,0.207803503,0.327044427,0.311174333,0.313576758,0.271727324,0.2747958,0.25632152,0.32897535
471,0.216931939,0.30972296,0.296143264,0.340091825,0.277127296,0.289008707,0.269550085,0.343695819
472,0.221396342,0.312421083,0.305302918,0.337546021,0.296819091,0.257405519,0.24243021,0.334357321
473,0.219616458,0.30144909,0.283268452,0.327299774,0.264303893,0.281297505,0.213510722,0.287908584
474,0.219001606,0.306976736,0.31775102,0.339296997,0.282946765,0.260869563,0.241131485,0.334098518
475,0.208383471,0.313746929,0.323717535,0.30761832,0.264561772,0.263622105,0.24228029,0.317664891
476,0.210928157,0.324527591,0.317329913,0.306378126,0.250034064,0.26231432,0.247925714,0.322780013
477,0.212117165,0.32477808,0.312716782,0.315458804,0.261760235,0.275365174,0.234010279,0.326678425
478,0.202953041,0.298350126,0.297904015,0.301450014,0.236623242,0.264913648,0.229224652,0.318170309
479,0.188999161,0.275485933,0.224686533,0.274697393,0.189616725,0.279868424,0.206820324,0.308115274
480,0.212980896,0.288469195,0.274412096,0.323807091,0.226376355,0.280657917,0.254192948,0.319964558
481,0.212980896,0.288469195,0.274412096,0.323807091,0.226376355,0.280657917,0.254192948,0.319964558
482,0.209677413,0.310250372,0.299763829,0.302083313,0.2563802,0.271312207,0.244084597,0.319597423
483,0.209677413,0.310250372,0.299763829,0.302083313,0.2563802,0.271312207,0.244084597,0.319597423
484,0.205041781,0.308138788,0.299222797,0.310265571,0.251749694,0.247257039,0.249642164,0.32044512
485,0.214751855,0.290039837,0.296860695,0.30427739,0.263139933,0.256204396,0.23577024,0.326886952
486,0.212688103,0.285647839,0.286099762,0.302244574,0.258022308,0.282557219,0.255001992,0.335302979
487,0.210440457,0.296088666,0.271160692,0.31826219,0.268945634,0.301842153,0.25796178,0.321953982
488,0.198866859,0.264279962,0.221767604,0.310344815,0.183349788,0.279913962,0.210879683,0.310865939
489,0.209474251,0.272258908,0.230707809,0.298701316,0.269564629,0.299843013,0.233952254,0.328767121
490,0.226653963,0.274879634,0.250968069,0.317241371,0.260619342,0.285714298,0.248978257,0.315371007
491,0.217969716,0.272983879,0.272927523,0.320959002,0.276183426,0.27361241,0.257271439,0.299473614
492,0.229212537,0.237337887,0.22077921,0.296932369,0.242347285,0.28216216,0.244906068,0.284505785
493,0.168233976,0.278475314,0.240306929,0.315799415,0.197693914,0.265022427,0.186037123,0.274793118
494,0.211609408,0.297302663,0.291837275,0.345829606,0.226756275,0.273765743,0.197799981,0.286339074
495,0.182371467,0.290393025,0.306026608,0.377332658,0.238866389,0.24756144,0.178041548,0.283637762
496,0.195989639,0.290206999,0.297151148,0.375470757,0.253472686,0.246806026,0.200796962,0.284014493
497,0.19894293,0.30553031,0.315799654,0.403908998,0.234106421,0.259337693,0.212104976,0.303746641
498,0.189377084,0.307088137,0.321865439,0.399251908,0.204045624,0.24611932,0.191420898,0.293861896
499,0.2282428,0.304520071,0.318952233,0.378883868,0.243669182,0.258673877,0.194828734,0.302838504
500,0.2282428,0.304520071,0.318952233,0.378883868,0.243669182,0.258673877,0.194828734,0.302838504
501,0.245275259,0.310178638,0.30141288,0.372500598,0.235601023,0.249676913,0.19311741,0.315669954
502,0.230847731,0.304771662,0.277588457,0.354179382,0.236131951,0.232562616,0.17132777,0.32323733
503,0.20246619,0.322321743,0.304126352,0.349483073,0.213293388,0.20971787,0.155658573,0.33278206
504,0.189069033,0.331792057,0.299850553,0.30685547,0.221812576,0.184038684,0.164189443,0.324734777
505,0.189069033,0.331792057,0.299850553,0.30685547,0.221812576,0.184038684,0.164189443,0.324734777
